currentTime,batteryState,protect,projection,purifier,round,battery,voltage,electricity,duration
2016/05/14 12:28:05,1,0,false,false,false,0%,20454MV,189MA,00:00:00
2016/05/14 12:28:35,1,0,false,false,false,0%,20832MV,189MA,00:00:29
2016/05/14 12:29:05,1,0,false,false,false,0%,21042MV,186MA,00:00:59
2016/05/14 12:29:36,1,0,false,false,false,0%,21189MV,186MA,00:01:29
2016/05/14 12:30:06,1,0,false,false,false,0%,21294MV,186MA,00:01:59
2016/05/14 12:30:36,1,0,false,false,false,0%,21399MV,189MA,00:02:29
2016/05/14 12:31:06,1,0,false,false,false,0%,21504MV,186MA,00:02:59
2016/05/14 12:31:36,1,0,false,false,false,0%,21630MV,186MA,00:03:29
2016/05/14 12:32:06,1,0,false,false,false,0%,21840MV,186MA,00:03:59
2016/05/14 12:32:36,1,0,false,false,false,0%,22113MV,186MA,00:04:29
2016/05/14 12:33:06,1,0,false,false,false,0%,22323MV,186MA,00:04:59
2016/05/14 12:33:36,1,0,false,false,false,0%,22512MV,186MA,00:05:29
2016/05/14 12:34:06,1,0,false,false,false,0%,22659MV,186MA,00:05:59
2016/05/14 12:34:36,1,0,false,false,false,0%,22743MV,186MA,00:06:29
2016/05/14 12:35:06,1,0,false,false,false,0%,22848MV,189MA,00:06:59
2016/05/14 12:35:36,1,0,false,false,false,0%,22953MV,189MA,00:07:29
2016/05/14 12:36:06,1,0,false,false,false,0%,23058MV,186MA,00:07:59
2016/05/14 12:36:36,1,0,false,false,false,0%,23163MV,189MA,00:08:29
2016/05/14 12:37:06,1,0,false,false,false,7%,23268MV,186MA,00:08:59
2016/05/14 12:37:36,1,0,false,false,false,7%,23373MV,186MA,00:09:29
2016/05/14 12:38:06,1,0,false,false,false,7%,23478MV,189MA,00:09:59
2016/05/14 12:38:36,1,0,false,false,false,7%,23583MV,186MA,00:10:29
2016/05/14 12:39:06,1,0,false,false,false,7%,23667MV,186MA,00:10:59
2016/05/14 12:39:36,1,0,false,false,false,7%,23772MV,186MA,00:11:29
2016/05/14 12:40:06,1,0,false,false,false,7%,23856MV,189MA,00:11:59
2016/05/14 12:40:36,1,0,false,false,false,7%,23919MV,189MA,00:12:29
2016/05/14 12:41:06,1,0,false,false,false,7%,23982MV,186MA,00:12:59
2016/05/14 12:41:36,1,0,false,false,false,7%,24045MV,189MA,00:13:29
2016/05/14 12:42:06,1,0,false,false,false,7%,24066MV,189MA,00:13:59
2016/05/14 12:42:36,1,0,false,false,false,7%,24087MV,189MA,00:14:29
2016/05/14 12:43:06,1,0,false,false,false,7%,24087MV,189MA,00:14:59
2016/05/14 12:43:36,1,0,false,false,false,7%,24087MV,186MA,00:15:29
2016/05/14 12:44:06,1,0,false,false,false,7%,24087MV,186MA,00:15:59
2016/05/14 12:44:36,1,0,false,false,false,7%,24087MV,189MA,00:16:29
2016/05/14 12:45:06,1,0,false,false,false,7%,24087MV,189MA,00:16:59
2016/05/14 12:45:36,1,0,false,false,false,7%,24087MV,186MA,00:17:29
2016/05/14 12:46:06,1,0,false,false,false,7%,24087MV,189MA,00:17:59
2016/05/14 12:46:36,1,0,false,false,false,7%,24087MV,189MA,00:18:29
2016/05/14 12:47:06,1,0,false,false,false,7%,24087MV,189MA,00:18:59
2016/05/14 12:47:36,1,0,false,false,false,7%,24087MV,189MA,00:19:29
2016/05/14 12:48:06,1,0,false,false,false,7%,24087MV,186MA,00:19:59
2016/05/14 12:48:36,1,0,false,false,false,7%,24087MV,189MA,00:20:29
2016/05/14 12:49:06,1,0,false,false,false,7%,24087MV,189MA,00:20:59
2016/05/14 12:49:36,1,0,false,false,false,7%,24087MV,189MA,00:21:29
2016/05/14 12:50:06,1,0,false,false,false,7%,24087MV,186MA,00:21:59
2016/05/14 12:50:36,1,0,false,false,false,7%,24087MV,189MA,00:22:29
2016/05/14 12:51:06,1,0,false,false,false,7%,24087MV,186MA,00:22:59
2016/05/14 12:51:36,1,0,false,false,false,7%,24087MV,189MA,00:23:29
2016/05/14 12:52:06,1,0,false,false,false,7%,24108MV,189MA,00:23:59
2016/05/14 12:52:36,1,0,false,false,false,7%,24108MV,189MA,00:24:29
2016/05/14 12:53:06,1,0,false,false,false,7%,24108MV,189MA,00:24:59
2016/05/14 12:53:36,1,0,false,false,false,7%,24108MV,189MA,00:25:29
2016/05/14 12:54:06,1,0,false,false,false,7%,24108MV,189MA,00:25:59
2016/05/14 12:54:36,1,0,false,false,false,7%,24108MV,189MA,00:26:29
2016/05/14 12:55:06,1,0,false,false,false,7%,24129MV,189MA,00:26:59
2016/05/14 12:55:36,1,0,false,false,false,7%,24129MV,189MA,00:27:29
2016/05/14 12:56:06,1,0,false,false,false,7%,24129MV,189MA,00:27:59
2016/05/14 12:56:36,1,0,false,false,false,7%,24129MV,189MA,00:28:29
2016/05/14 12:57:06,1,0,false,false,false,7%,24129MV,189MA,00:28:59
2016/05/14 12:57:36,1,0,false,false,false,7%,24129MV,189MA,00:29:29
2016/05/14 12:58:06,1,0,false,false,false,7%,24129MV,189MA,00:29:59
2016/05/14 12:58:36,1,0,false,false,false,7%,24129MV,189MA,00:30:29
2016/05/14 12:59:06,1,0,false,false,false,7%,24150MV,189MA,00:30:59
2016/05/14 12:59:36,1,0,false,false,false,7%,24150MV,189MA,00:31:29
2016/05/14 13:00:06,1,0,false,false,false,7%,24150MV,189MA,00:31:59
2016/05/14 13:00:36,1,0,false,false,false,7%,24150MV,189MA,00:32:29
2016/05/14 13:01:06,1,0,false,false,false,7%,24171MV,189MA,00:32:59
2016/05/14 13:01:36,1,0,false,false,false,7%,24171MV,189MA,00:33:29
2016/05/14 13:02:06,1,0,false,false,false,7%,24171MV,189MA,00:33:59
2016/05/14 13:02:36,1,0,false,false,false,7%,24171MV,189MA,00:34:29
2016/05/14 13:03:06,1,0,false,false,false,7%,24192MV,189MA,00:34:59
2016/05/14 13:03:36,1,0,false,false,false,7%,24192MV,189MA,00:35:29
2016/05/14 13:04:06,1,0,false,false,false,7%,24192MV,189MA,00:35:59
2016/05/14 13:04:36,1,0,false,false,false,7%,24192MV,189MA,00:36:29
2016/05/14 13:05:06,1,0,false,false,false,7%,24192MV,189MA,00:36:59
2016/05/14 13:05:36,1,0,false,false,false,7%,24192MV,189MA,00:37:29
2016/05/14 13:06:06,1,0,false,false,false,7%,24213MV,189MA,00:37:59
2016/05/14 13:06:36,1,0,false,false,false,7%,24213MV,191MA,00:38:29
2016/05/14 13:07:06,1,0,false,false,false,7%,24213MV,189MA,00:38:59
2016/05/14 13:07:36,1,0,false,false,false,7%,24234MV,189MA,00:39:29
2016/05/14 13:08:06,1,0,false,false,false,7%,24234MV,189MA,00:39:59
2016/05/14 13:08:36,1,0,false,false,false,7%,24234MV,189MA,00:40:29
2016/05/14 13:09:06,1,0,false,false,false,7%,24234MV,189MA,00:40:59
2016/05/14 13:09:36,1,0,false,false,false,7%,24255MV,189MA,00:41:29
2016/05/14 13:10:06,1,0,false,false,false,7%,24255MV,189MA,00:41:59
2016/05/14 13:10:36,1,0,false,false,false,7%,24255MV,189MA,00:42:29
2016/05/14 13:11:06,1,0,false,false,false,7%,24276MV,189MA,00:42:59
2016/05/14 13:11:36,1,0,false,false,false,7%,24276MV,189MA,00:43:29
2016/05/14 13:12:06,1,0,false,false,false,7%,24276MV,189MA,00:43:59
2016/05/14 13:12:36,1,0,false,false,false,7%,24276MV,189MA,00:44:29
2016/05/14 13:13:06,1,0,false,false,false,7%,24276MV,189MA,00:44:59
2016/05/14 13:13:36,1,0,false,false,false,7%,24276MV,189MA,00:45:29
2016/05/14 13:14:06,1,0,false,false,false,7%,24297MV,189MA,00:45:59
2016/05/14 13:14:36,1,0,false,false,false,7%,24297MV,189MA,00:46:29
2016/05/14 13:15:06,1,0,false,false,false,7%,24318MV,189MA,00:46:59
2016/05/14 13:15:36,1,0,false,false,false,7%,24318MV,189MA,00:47:29
2016/05/14 13:16:06,1,0,false,false,false,7%,24318MV,189MA,00:47:59
2016/05/14 13:16:36,1,0,false,false,false,7%,24318MV,189MA,00:48:29
2016/05/14 13:17:06,1,0,false,false,false,7%,24318MV,189MA,00:48:59
2016/05/14 13:17:36,1,0,false,false,false,7%,24339MV,189MA,00:49:29
2016/05/14 13:18:06,1,0,false,false,false,7%,24339MV,189MA,00:49:59
2016/05/14 13:18:36,1,0,false,false,false,7%,24360MV,189MA,00:50:29
2016/05/14 13:19:06,1,0,false,false,false,7%,24360MV,189MA,00:50:59
2016/05/14 13:19:36,1,0,false,false,false,7%,24360MV,189MA,00:51:29
2016/05/14 13:20:06,1,0,false,false,false,7%,24360MV,189MA,00:51:59
2016/05/14 13:20:36,1,0,false,false,false,7%,24360MV,189MA,00:52:29
2016/05/14 13:21:06,1,0,false,false,false,7%,24360MV,189MA,00:52:59
2016/05/14 13:21:36,1,0,false,false,false,7%,24381MV,189MA,00:53:29
2016/05/14 13:22:06,1,0,false,false,false,7%,24381MV,189MA,00:53:59
2016/05/14 13:22:36,1,0,false,false,false,7%,24381MV,189MA,00:54:29
2016/05/14 13:23:06,1,0,false,false,false,7%,24402MV,189MA,00:54:59
2016/05/14 13:23:36,1,0,false,false,false,7%,24402MV,189MA,00:55:29
2016/05/14 13:24:06,1,0,false,false,false,7%,24402MV,189MA,00:55:59
2016/05/14 13:24:36,1,0,false,false,false,7%,24423MV,189MA,00:56:29
2016/05/14 13:25:06,1,0,false,false,false,7%,24423MV,189MA,00:56:59
2016/05/14 13:25:36,1,0,false,false,false,7%,24423MV,189MA,00:57:29
2016/05/14 13:26:06,1,0,false,false,false,7%,24423MV,189MA,00:57:59
2016/05/14 13:26:36,1,0,false,false,false,7%,24423MV,189MA,00:58:29
2016/05/14 13:27:06,1,0,false,false,false,7%,24423MV,189MA,00:58:59
2016/05/14 13:27:36,1,0,false,false,false,7%,24444MV,189MA,00:59:29
2016/05/14 13:28:06,1,0,false,false,false,7%,24444MV,189MA,00:59:59
2016/05/14 13:28:36,1,0,false,false,false,7%,24444MV,189MA,01:00:29
2016/05/14 13:29:06,1,0,false,false,false,7%,24465MV,189MA,01:00:59
2016/05/14 13:29:36,1,0,false,false,false,7%,24465MV,189MA,01:01:29
2016/05/14 13:30:06,1,0,false,false,false,7%,24465MV,189MA,01:01:59
2016/05/14 13:30:36,1,0,false,false,false,7%,24486MV,189MA,01:02:29
2016/05/14 13:31:06,1,0,false,false,false,7%,24486MV,189MA,01:02:59
2016/05/14 13:31:36,1,0,false,false,false,7%,24486MV,189MA,01:03:29
2016/05/14 13:32:06,1,0,false,false,false,7%,24486MV,189MA,01:03:59
2016/05/14 13:32:36,1,0,false,false,false,7%,24507MV,189MA,01:04:29
2016/05/14 13:33:06,1,0,false,false,false,7%,24507MV,189MA,01:04:59
2016/05/14 13:33:36,1,0,false,false,false,7%,24507MV,189MA,01:05:29
2016/05/14 13:34:06,1,0,false,false,false,7%,24507MV,189MA,01:05:59
2016/05/14 13:34:36,1,0,false,false,false,7%,24507MV,189MA,01:06:29
2016/05/14 13:35:06,1,0,false,false,false,7%,24528MV,189MA,01:06:59
2016/05/14 13:35:36,1,0,false,false,false,7%,24528MV,189MA,01:07:29
2016/05/14 13:36:06,1,0,false,false,false,7%,24528MV,189MA,01:07:59
2016/05/14 13:36:36,1,0,false,false,false,7%,24528MV,189MA,01:08:29
2016/05/14 13:37:06,1,0,false,false,false,7%,24549MV,186MA,01:08:59
2016/05/14 13:37:36,1,0,false,false,false,7%,24549MV,189MA,01:09:29
2016/05/14 13:38:06,1,0,false,false,false,7%,24549MV,189MA,01:09:59
2016/05/14 13:38:36,1,0,false,false,false,7%,24570MV,189MA,01:10:29
2016/05/14 13:39:06,1,0,false,false,false,7%,24570MV,189MA,01:10:59
2016/05/14 13:39:36,1,0,false,false,false,7%,24570MV,189MA,01:11:29
2016/05/14 13:40:06,1,0,false,false,false,7%,24570MV,189MA,01:11:59
2016/05/14 13:40:36,1,0,false,false,false,7%,24570MV,189MA,01:12:29
2016/05/14 13:41:06,1,0,false,false,false,7%,24591MV,189MA,01:12:59
2016/05/14 13:41:36,1,0,false,false,false,7%,24591MV,189MA,01:13:29
2016/05/14 13:42:06,1,0,false,false,false,7%,24591MV,189MA,01:13:59
2016/05/14 13:42:36,1,0,false,false,false,7%,24591MV,189MA,01:14:29
2016/05/14 13:43:06,1,0,false,false,false,7%,24612MV,189MA,01:14:59
2016/05/14 13:43:36,1,0,false,false,false,7%,24612MV,189MA,01:15:29
2016/05/14 13:44:06,1,0,false,false,false,7%,24612MV,189MA,01:15:59
2016/05/14 13:44:36,1,0,false,false,false,7%,24612MV,189MA,01:16:29
2016/05/14 13:45:06,1,0,false,false,false,7%,24633MV,189MA,01:16:59
2016/05/14 13:45:36,1,0,false,false,false,7%,24633MV,189MA,01:17:29
2016/05/14 13:46:06,1,0,false,false,false,7%,24633MV,189MA,01:17:59
2016/05/14 13:46:36,1,0,false,false,false,7%,24633MV,189MA,01:18:29
2016/05/14 13:47:06,1,0,false,false,false,7%,24654MV,189MA,01:18:59
2016/05/14 13:47:36,1,0,false,false,false,7%,24654MV,189MA,01:19:29
2016/05/14 13:48:06,1,0,false,false,false,7%,24654MV,189MA,01:19:59
2016/05/14 13:48:36,1,0,false,false,false,7%,24654MV,189MA,01:20:29
2016/05/14 13:49:06,1,0,false,false,false,7%,24675MV,189MA,01:20:59
2016/05/14 13:49:36,1,0,false,false,false,7%,24675MV,189MA,01:21:29
2016/05/14 13:50:06,1,0,false,false,false,7%,24675MV,189MA,01:21:59
2016/05/14 13:50:36,1,0,false,false,false,7%,24675MV,189MA,01:22:29
2016/05/14 13:51:06,1,0,false,false,false,7%,24696MV,189MA,01:22:59
2016/05/14 13:51:36,1,0,false,false,false,7%,24696MV,189MA,01:23:29
2016/05/14 13:52:06,1,0,false,false,false,7%,24696MV,189MA,01:23:59
2016/05/14 13:52:36,1,0,false,false,false,7%,24696MV,189MA,01:24:29
2016/05/14 13:53:06,1,0,false,false,false,7%,24717MV,189MA,01:24:59
2016/05/14 13:53:36,1,0,false,false,false,7%,24717MV,189MA,01:25:29
2016/05/14 13:54:06,1,0,false,false,false,7%,24717MV,186MA,01:25:59
2016/05/14 13:54:36,1,0,false,false,false,8%,24738MV,189MA,01:26:29
2016/05/14 13:55:06,1,0,false,false,false,14%,24738MV,189MA,01:26:59
2016/05/14 13:55:36,1,0,false,false,false,14%,24738MV,189MA,01:27:29
2016/05/14 13:56:06,1,0,false,false,false,14%,24738MV,189MA,01:27:59
2016/05/14 13:56:36,1,0,false,false,false,14%,24738MV,189MA,01:28:29
2016/05/14 13:57:06,1,0,false,false,false,14%,24738MV,189MA,01:28:59
2016/05/14 13:57:36,1,0,false,false,false,14%,24759MV,189MA,01:29:29
2016/05/14 13:58:06,1,0,false,false,false,14%,24759MV,189MA,01:29:59
2016/05/14 13:58:36,1,0,false,false,false,14%,24759MV,189MA,01:30:29
2016/05/14 13:59:06,1,0,false,false,false,14%,24759MV,189MA,01:30:59
2016/05/14 13:59:36,1,0,false,false,false,14%,24780MV,189MA,01:31:29
2016/05/14 14:00:06,1,0,false,false,false,14%,24780MV,189MA,01:31:59
2016/05/14 14:00:36,1,0,false,false,false,14%,24780MV,189MA,01:32:29
2016/05/14 14:01:06,1,0,false,false,false,14%,24801MV,189MA,01:32:59
2016/05/14 14:01:36,1,0,false,false,false,14%,24801MV,189MA,01:33:29
2016/05/14 14:02:06,1,0,false,false,false,14%,24801MV,189MA,01:33:59
2016/05/14 14:02:36,1,0,false,false,false,14%,24801MV,189MA,01:34:29
2016/05/14 14:03:06,1,0,false,false,false,14%,24801MV,189MA,01:34:59
2016/05/14 14:03:36,1,0,false,false,false,14%,24822MV,189MA,01:35:29
2016/05/14 14:04:06,1,0,false,false,false,14%,24822MV,189MA,01:35:59
2016/05/14 14:04:36,1,0,false,false,false,14%,24822MV,189MA,01:36:29
2016/05/14 14:05:06,1,0,false,false,false,14%,24822MV,189MA,01:36:59
2016/05/14 14:05:36,1,0,false,false,false,14%,24843MV,186MA,01:37:29
2016/05/14 14:06:06,1,0,false,false,false,14%,24843MV,189MA,01:37:59
2016/05/14 14:06:36,1,0,false,false,false,14%,24843MV,189MA,01:38:29
2016/05/14 14:07:06,1,0,false,false,false,14%,24864MV,189MA,01:38:59
2016/05/14 14:07:36,1,0,false,false,false,14%,24864MV,189MA,01:39:29
2016/05/14 14:08:06,1,0,false,false,false,14%,24864MV,189MA,01:39:59
2016/05/14 14:08:36,1,0,false,false,false,14%,24864MV,189MA,01:40:29
2016/05/14 14:09:06,1,0,false,false,false,14%,24864MV,189MA,01:40:59
2016/05/14 14:09:36,1,0,false,false,false,14%,24885MV,189MA,01:41:29
2016/05/14 14:10:06,1,0,false,false,false,14%,24885MV,189MA,01:41:59
2016/05/14 14:10:36,1,0,false,false,false,14%,24885MV,189MA,01:42:29
2016/05/14 14:11:06,1,0,false,false,false,14%,24885MV,189MA,01:42:59
2016/05/14 14:11:36,1,0,false,false,false,14%,24885MV,189MA,01:43:29
2016/05/14 14:12:06,1,0,false,false,false,14%,24906MV,189MA,01:43:59
2016/05/14 14:12:36,1,0,false,false,false,14%,24906MV,189MA,01:44:29
2016/05/14 14:13:06,1,0,false,false,false,14%,24906MV,189MA,01:44:59
2016/05/14 14:13:36,1,0,false,false,false,14%,24906MV,189MA,01:45:29
2016/05/14 14:14:06,1,0,false,false,false,14%,24927MV,189MA,01:45:59
2016/05/14 14:14:36,1,0,false,false,false,14%,24927MV,189MA,01:46:29
2016/05/14 14:15:06,1,0,false,false,false,14%,24927MV,189MA,01:46:59
2016/05/14 14:15:36,1,0,false,false,false,14%,24948MV,189MA,01:47:29
2016/05/14 14:16:06,1,0,false,false,false,14%,24948MV,189MA,01:47:59
2016/05/14 14:16:36,1,0,false,false,false,14%,24948MV,189MA,01:48:29
2016/05/14 14:17:06,1,0,false,false,false,14%,24948MV,189MA,01:48:59
2016/05/14 14:17:36,1,0,false,false,false,14%,24948MV,189MA,01:49:29
2016/05/14 14:18:06,1,0,false,false,false,14%,24969MV,189MA,01:49:59
2016/05/14 14:18:36,1,0,false,false,false,14%,24969MV,189MA,01:50:29
2016/05/14 14:19:06,1,0,false,false,false,14%,24969MV,189MA,01:50:59
2016/05/14 14:19:36,1,0,false,false,false,14%,24969MV,189MA,01:51:29
2016/05/14 14:20:06,1,0,false,false,false,14%,24969MV,189MA,01:51:59
2016/05/14 14:20:36,1,0,false,false,false,14%,24990MV,189MA,01:52:29
2016/05/14 14:21:06,1,0,false,false,false,14%,24990MV,189MA,01:52:59
2016/05/14 14:21:36,1,0,false,false,false,14%,24990MV,189MA,01:53:29
2016/05/14 14:22:06,1,0,false,false,false,14%,24990MV,189MA,01:53:59
2016/05/14 14:22:36,1,0,false,false,false,14%,25011MV,189MA,01:54:29
2016/05/14 14:23:06,1,0,false,false,false,14%,25011MV,189MA,01:54:59
2016/05/14 14:23:36,1,0,false,false,false,14%,25011MV,189MA,01:55:29
2016/05/14 14:24:06,1,0,false,false,false,14%,25011MV,189MA,01:55:59
2016/05/14 14:24:36,1,0,false,false,false,14%,25032MV,189MA,01:56:29
2016/05/14 14:25:06,1,0,false,false,false,14%,25032MV,189MA,01:56:59
2016/05/14 14:25:36,1,0,false,false,false,14%,25032MV,189MA,01:57:29
2016/05/14 14:26:06,1,0,false,false,false,14%,25032MV,189MA,01:57:59
2016/05/14 14:26:36,1,0,false,false,false,14%,25032MV,189MA,01:58:29
2016/05/14 14:27:06,1,0,false,false,false,15%,25053MV,189MA,01:58:59
2016/05/14 14:27:36,1,0,false,false,false,21%,25053MV,189MA,01:59:29
2016/05/14 14:28:06,1,0,false,false,false,21%,25053MV,189MA,01:59:59
2016/05/14 14:28:36,1,0,false,false,false,21%,25053MV,189MA,02:00:29
2016/05/14 14:29:06,1,0,false,false,false,21%,25053MV,189MA,02:00:59
2016/05/14 14:29:36,1,0,false,false,false,21%,25074MV,189MA,02:01:29
2016/05/14 14:30:06,1,0,false,false,false,21%,25074MV,189MA,02:01:59
2016/05/14 14:30:36,1,0,false,false,false,21%,25074MV,189MA,02:02:29
2016/05/14 14:31:06,1,0,false,false,false,21%,25074MV,189MA,02:02:59
2016/05/14 14:31:36,1,0,false,false,false,21%,25095MV,189MA,02:03:29
2016/05/14 14:32:06,1,0,false,false,false,21%,25095MV,189MA,02:03:59
2016/05/14 14:32:36,1,0,false,false,false,21%,25095MV,189MA,02:04:29
2016/05/14 14:33:06,1,0,false,false,false,21%,25095MV,189MA,02:04:59
2016/05/14 14:33:36,1,0,false,false,false,21%,25116MV,189MA,02:05:29
2016/05/14 14:34:06,1,0,false,false,false,21%,25116MV,189MA,02:05:59
2016/05/14 14:34:36,1,0,false,false,false,21%,25116MV,189MA,02:06:29
2016/05/14 14:35:06,1,0,false,false,false,21%,25116MV,189MA,02:06:59
2016/05/14 14:35:36,1,0,false,false,false,21%,25116MV,189MA,02:07:29
2016/05/14 14:36:06,1,0,false,false,false,21%,25116MV,189MA,02:07:59
2016/05/14 14:36:36,1,0,false,false,false,21%,25137MV,189MA,02:08:29
2016/05/14 14:37:06,1,0,false,false,false,21%,25137MV,189MA,02:08:59
2016/05/14 14:37:36,1,0,false,false,false,21%,25137MV,189MA,02:09:29
2016/05/14 14:38:06,1,0,false,false,false,21%,25137MV,189MA,02:09:59
2016/05/14 14:38:36,1,0,false,false,false,21%,25158MV,189MA,02:10:29
2016/05/14 14:39:06,1,0,false,false,false,21%,25158MV,189MA,02:10:59
2016/05/14 14:39:36,1,0,false,false,false,21%,25158MV,189MA,02:11:29
2016/05/14 14:40:06,1,0,false,false,false,21%,25158MV,189MA,02:11:59
2016/05/14 14:40:36,1,0,false,false,false,21%,25179MV,189MA,02:12:29
2016/05/14 14:41:06,1,0,false,false,false,21%,25179MV,189MA,02:12:59
2016/05/14 14:41:36,1,0,false,false,false,21%,25179MV,189MA,02:13:29
2016/05/14 14:42:06,1,0,false,false,false,21%,25179MV,189MA,02:13:59
2016/05/14 14:42:36,1,0,false,false,false,27%,25200MV,189MA,02:14:29
2016/05/14 14:43:06,1,0,false,false,false,29%,25200MV,189MA,02:14:59
2016/05/14 14:43:36,1,0,false,false,false,29%,25200MV,191MA,02:15:29
2016/05/14 14:44:06,1,0,false,false,false,29%,25200MV,189MA,02:15:59
2016/05/14 14:44:36,1,0,false,false,false,29%,25200MV,189MA,02:16:29
2016/05/14 14:45:06,1,0,false,false,false,29%,25200MV,189MA,02:16:59
2016/05/14 14:45:36,1,0,false,false,false,29%,25221MV,189MA,02:17:29
2016/05/14 14:46:06,1,0,false,false,false,29%,25221MV,189MA,02:17:59
2016/05/14 14:46:36,1,0,false,false,false,29%,25221MV,189MA,02:18:29
2016/05/14 14:47:06,1,0,false,false,false,29%,25221MV,189MA,02:18:59
2016/05/14 14:47:36,1,0,false,false,false,29%,25242MV,189MA,02:19:29
2016/05/14 14:48:06,1,0,false,false,false,29%,25242MV,189MA,02:19:59
2016/05/14 14:48:36,1,0,false,false,false,29%,25242MV,189MA,02:20:29
2016/05/14 14:49:06,1,0,false,false,false,29%,25242MV,189MA,02:20:59
2016/05/14 14:49:36,1,0,false,false,false,29%,25242MV,189MA,02:21:29
2016/05/14 14:50:06,1,0,false,false,false,29%,25263MV,189MA,02:21:59
2016/05/14 14:50:36,1,0,false,false,false,29%,25263MV,189MA,02:22:29
2016/05/14 14:51:06,1,0,false,false,false,29%,25263MV,189MA,02:22:59
2016/05/14 14:51:36,1,0,false,false,false,29%,25263MV,189MA,02:23:29
2016/05/14 14:52:06,1,0,false,false,false,29%,25263MV,186MA,02:23:59
2016/05/14 14:52:36,1,0,false,false,false,29%,25263MV,189MA,02:24:29
2016/05/14 14:53:06,1,0,false,false,false,29%,25284MV,189MA,02:24:59
2016/05/14 14:53:36,1,0,false,false,false,29%,25284MV,189MA,02:25:29
2016/05/14 14:54:06,1,0,false,false,false,29%,25284MV,189MA,02:25:59
2016/05/14 14:54:36,1,0,false,false,false,29%,25284MV,189MA,02:26:29
2016/05/14 14:55:06,1,0,false,false,false,29%,25305MV,189MA,02:26:59
2016/05/14 14:55:36,1,0,false,false,false,29%,25305MV,189MA,02:27:29
2016/05/14 14:56:06,1,0,false,false,false,29%,25305MV,189MA,02:27:59
2016/05/14 14:56:36,1,0,false,false,false,29%,25305MV,189MA,02:28:29
2016/05/14 14:57:06,1,0,false,false,false,29%,25326MV,189MA,02:28:59
2016/05/14 14:57:36,1,0,false,false,false,29%,25326MV,189MA,02:29:29
2016/05/14 14:58:06,1,0,false,false,false,29%,25326MV,189MA,02:29:59
2016/05/14 14:58:36,1,0,false,false,false,29%,25326MV,189MA,02:30:29
2016/05/14 14:59:06,1,0,false,false,false,29%,25326MV,189MA,02:30:59
2016/05/14 14:59:36,1,0,false,false,false,29%,25347MV,189MA,02:31:29
2016/05/14 15:00:06,1,0,false,false,false,29%,25347MV,191MA,02:31:59
2016/05/14 15:00:36,1,0,false,false,false,29%,25347MV,189MA,02:32:29
2016/05/14 15:01:06,1,0,false,false,false,29%,25347MV,189MA,02:32:59
2016/05/14 15:01:36,1,0,false,false,false,29%,25347MV,189MA,02:33:29
2016/05/14 15:02:06,1,0,false,false,false,29%,25347MV,189MA,02:33:59
2016/05/14 15:02:36,1,0,false,false,false,29%,25347MV,189MA,02:34:29
2016/05/14 15:03:06,1,0,false,false,false,29%,25368MV,189MA,02:34:59
2016/05/14 15:03:36,1,0,false,false,false,29%,25368MV,189MA,02:35:29
2016/05/14 15:04:06,1,0,false,false,false,29%,25368MV,189MA,02:35:59
2016/05/14 15:04:36,1,0,false,false,false,29%,25368MV,189MA,02:36:29
2016/05/14 15:05:06,1,0,false,false,false,29%,25389MV,189MA,02:36:59
2016/05/14 15:05:36,1,0,false,false,false,29%,25389MV,189MA,02:37:29
2016/05/14 15:06:06,1,0,false,false,false,29%,25389MV,189MA,02:37:59
2016/05/14 15:06:36,1,0,false,false,false,29%,25389MV,189MA,02:38:29
2016/05/14 15:07:06,1,0,false,false,false,29%,25410MV,189MA,02:38:59
2016/05/14 15:07:36,1,0,false,false,false,29%,25410MV,189MA,02:39:29
2016/05/14 15:08:06,1,0,false,false,false,29%,25410MV,189MA,02:39:59
2016/05/14 15:08:36,1,0,false,false,false,29%,25410MV,189MA,02:40:29
2016/05/14 15:09:06,1,0,false,false,false,29%,25410MV,189MA,02:40:59
2016/05/14 15:09:36,1,0,false,false,false,29%,25410MV,189MA,02:41:29
2016/05/14 15:10:06,1,0,false,false,false,29%,25410MV,189MA,02:41:59
2016/05/14 15:10:36,1,0,false,false,false,29%,25431MV,189MA,02:42:29
2016/05/14 15:11:06,1,0,false,false,false,29%,25431MV,189MA,02:42:59
2016/05/14 15:11:36,1,0,false,false,false,29%,25431MV,189MA,02:43:29
2016/05/14 15:12:06,1,0,false,false,false,29%,25431MV,189MA,02:43:59
2016/05/14 15:12:36,1,0,false,false,false,29%,25431MV,189MA,02:44:29
2016/05/14 15:13:06,1,0,false,false,false,29%,25452MV,189MA,02:44:59
2016/05/14 15:13:36,1,0,false,false,false,29%,25452MV,189MA,02:45:29
2016/05/14 15:14:06,1,0,false,false,false,29%,25452MV,189MA,02:45:59
2016/05/14 15:14:36,1,0,false,false,false,29%,25452MV,189MA,02:46:29
2016/05/14 15:15:06,1,0,false,false,false,29%,25452MV,189MA,02:46:59
2016/05/14 15:15:36,1,0,false,false,false,29%,25473MV,189MA,02:47:29
2016/05/14 15:16:06,1,0,false,false,false,29%,25473MV,189MA,02:47:59
2016/05/14 15:16:36,1,0,false,false,false,29%,25473MV,189MA,02:48:29
2016/05/14 15:17:06,1,0,false,false,false,29%,25473MV,189MA,02:48:59
2016/05/14 15:17:36,1,0,false,false,false,29%,25473MV,189MA,02:49:29
2016/05/14 15:18:06,1,0,false,false,false,29%,25494MV,189MA,02:49:59
2016/05/14 15:18:36,1,0,false,false,false,29%,25494MV,189MA,02:50:29
2016/05/14 15:19:06,1,0,false,false,false,29%,25494MV,191MA,02:50:59
2016/05/14 15:19:36,1,0,false,false,false,29%,25494MV,189MA,02:51:29
2016/05/14 15:20:06,1,0,false,false,false,29%,25494MV,189MA,02:51:59
2016/05/14 15:20:36,1,0,false,false,false,29%,25494MV,189MA,02:52:29
2016/05/14 15:21:06,1,0,false,false,false,29%,25494MV,189MA,02:52:59
2016/05/14 15:21:36,1,0,false,false,false,29%,25494MV,189MA,02:53:29
2016/05/14 15:22:06,1,0,false,false,false,29%,25515MV,189MA,02:53:59
2016/05/14 15:22:36,1,0,false,false,false,29%,25515MV,189MA,02:54:29
2016/05/14 15:23:06,1,0,false,false,false,29%,25515MV,189MA,02:54:59
2016/05/14 15:23:36,1,0,false,false,false,29%,25536MV,189MA,02:55:29
2016/05/14 15:24:06,1,0,false,false,false,29%,25536MV,189MA,02:55:59
2016/05/14 15:24:36,1,0,false,false,false,29%,25536MV,189MA,02:56:29
2016/05/14 15:25:06,1,0,false,false,false,29%,25536MV,189MA,02:56:59
2016/05/14 15:25:36,1,0,false,false,false,29%,25536MV,189MA,02:57:29
2016/05/14 15:26:06,1,0,false,false,false,29%,25536MV,189MA,02:57:59
2016/05/14 15:26:36,1,0,false,false,false,29%,25557MV,189MA,02:58:29
2016/05/14 15:27:06,1,0,false,false,false,29%,25557MV,189MA,02:58:59
2016/05/14 15:27:36,1,0,false,false,false,29%,25557MV,189MA,02:59:29
2016/05/14 15:28:06,1,0,false,false,false,29%,25557MV,189MA,02:59:59
2016/05/14 15:28:36,1,0,false,false,false,29%,25578MV,189MA,03:00:30
2016/05/14 15:29:06,1,0,false,false,false,29%,25578MV,189MA,03:01:00
2016/05/14 15:29:36,1,0,false,false,false,29%,25578MV,189MA,03:01:30
2016/05/14 15:30:06,1,0,false,false,false,29%,25578MV,189MA,03:02:00
2016/05/14 15:30:36,1,0,false,false,false,29%,25578MV,189MA,03:02:30
2016/05/14 15:31:06,1,0,false,false,false,29%,25578MV,189MA,03:03:00
2016/05/14 15:31:36,1,0,false,false,false,29%,25578MV,189MA,03:03:30
2016/05/14 15:32:06,1,0,false,false,false,29%,25578MV,189MA,03:04:00
2016/05/14 15:32:36,1,0,false,false,false,29%,25578MV,189MA,03:04:30
2016/05/14 15:33:06,1,0,false,false,false,29%,25599MV,189MA,03:05:00
2016/05/14 15:33:36,1,0,false,false,false,29%,25599MV,189MA,03:05:30
2016/05/14 15:34:06,1,0,false,false,false,29%,25599MV,189MA,03:06:00
2016/05/14 15:34:36,1,0,false,false,false,30%,25620MV,189MA,03:06:30
2016/05/14 15:35:06,1,0,false,false,false,34%,25620MV,189MA,03:07:00
2016/05/14 15:35:36,1,0,false,false,false,36%,25620MV,189MA,03:07:30
2016/05/14 15:36:06,1,0,false,false,false,36%,25620MV,189MA,03:08:00
2016/05/14 15:36:36,1,0,false,false,false,36%,25620MV,189MA,03:08:30
2016/05/14 15:37:06,1,0,false,false,false,36%,25620MV,189MA,03:09:00
2016/05/14 15:37:36,1,0,false,false,false,36%,25641MV,189MA,03:09:30
2016/05/14 15:38:06,1,0,false,false,false,36%,25641MV,189MA,03:10:00
2016/05/14 15:38:36,1,0,false,false,false,36%,25641MV,189MA,03:10:30
2016/05/14 15:39:06,1,0,false,false,false,36%,25641MV,189MA,03:11:00
2016/05/14 15:39:36,1,0,false,false,false,36%,25641MV,189MA,03:11:30
2016/05/14 15:40:06,1,0,false,false,false,36%,25641MV,189MA,03:12:00
2016/05/14 15:40:36,1,0,false,false,false,36%,25641MV,189MA,03:12:30
2016/05/14 15:41:06,1,0,false,false,false,36%,25641MV,189MA,03:13:00
2016/05/14 15:41:36,1,0,false,false,false,36%,25662MV,189MA,03:13:30
2016/05/14 15:42:06,1,0,false,false,false,36%,25662MV,189MA,03:14:00
2016/05/14 15:42:36,1,0,false,false,false,36%,25662MV,189MA,03:14:30
2016/05/14 15:43:06,1,0,false,false,false,36%,25662MV,191MA,03:15:00
2016/05/14 15:43:36,1,0,false,false,false,36%,25662MV,189MA,03:15:30
2016/05/14 15:44:06,1,0,false,false,false,36%,25683MV,189MA,03:16:00
2016/05/14 15:44:36,1,0,false,false,false,36%,25683MV,189MA,03:16:30
2016/05/14 15:45:06,1,0,false,false,false,36%,25683MV,189MA,03:17:00
2016/05/14 15:45:36,1,0,false,false,false,36%,25683MV,189MA,03:17:30
2016/05/14 15:46:06,1,0,false,false,false,36%,25683MV,189MA,03:18:00
2016/05/14 15:46:36,1,0,false,false,false,36%,25704MV,189MA,03:18:30
2016/05/14 15:47:06,1,0,false,false,false,36%,25704MV,189MA,03:19:00
2016/05/14 15:47:36,1,0,false,false,false,36%,25704MV,189MA,03:19:30
2016/05/14 15:48:06,1,0,false,false,false,36%,25704MV,189MA,03:20:00
2016/05/14 15:48:36,1,0,false,false,false,36%,25704MV,191MA,03:20:30
2016/05/14 15:49:06,1,0,false,false,false,36%,25704MV,189MA,03:21:00
2016/05/14 15:49:36,1,0,false,false,false,36%,25725MV,189MA,03:21:30
2016/05/14 15:50:06,1,0,false,false,false,36%,25725MV,189MA,03:22:00
2016/05/14 15:50:36,1,0,false,false,false,36%,25725MV,189MA,03:22:30
2016/05/14 15:51:06,1,0,false,false,false,36%,25725MV,189MA,03:23:00
2016/05/14 15:51:36,1,0,false,false,false,36%,25725MV,189MA,03:23:30
2016/05/14 15:52:06,1,0,false,false,false,36%,25725MV,189MA,03:24:00
2016/05/14 15:52:36,1,0,false,false,false,36%,25725MV,189MA,03:24:30
2016/05/14 15:53:06,1,0,false,false,false,36%,25746MV,189MA,03:25:00
2016/05/14 15:53:36,1,0,false,false,false,36%,25746MV,189MA,03:25:30
2016/05/14 15:54:06,1,0,false,false,false,36%,25746MV,191MA,03:26:00
2016/05/14 15:54:36,1,0,false,false,false,36%,25746MV,189MA,03:26:30
2016/05/14 15:55:06,1,0,false,false,false,36%,25746MV,189MA,03:27:00
2016/05/14 15:55:36,1,0,false,false,false,36%,25767MV,191MA,03:27:30
2016/05/14 15:56:06,1,0,false,false,false,36%,25767MV,189MA,03:28:00
2016/05/14 15:56:36,1,0,false,false,false,36%,25767MV,191MA,03:28:30
2016/05/14 15:57:06,1,0,false,false,false,36%,25767MV,189MA,03:29:00
2016/05/14 15:57:36,1,0,false,false,false,36%,25767MV,189MA,03:29:30
2016/05/14 15:58:06,1,0,false,false,false,36%,25767MV,189MA,03:30:00
2016/05/14 15:58:36,1,0,false,false,false,36%,25767MV,189MA,03:30:30
2016/05/14 15:59:06,1,0,false,false,false,36%,25788MV,189MA,03:31:00
2016/05/14 15:59:36,1,0,false,false,false,36%,25788MV,189MA,03:31:30
2016/05/14 16:00:06,1,0,false,false,false,36%,25788MV,189MA,03:32:00
2016/05/14 16:00:36,1,0,false,false,false,36%,25788MV,191MA,03:32:30
2016/05/14 16:01:06,1,0,false,false,false,36%,25788MV,189MA,03:33:00
2016/05/14 16:01:36,1,0,false,false,false,36%,25809MV,189MA,03:33:30
2016/05/14 16:02:06,1,0,false,false,false,36%,25809MV,189MA,03:34:00
2016/05/14 16:02:36,1,0,false,false,false,36%,25809MV,189MA,03:34:30
2016/05/14 16:03:06,1,0,false,false,false,36%,25809MV,189MA,03:35:00
2016/05/14 16:03:36,1,0,false,false,false,36%,25809MV,189MA,03:35:30
2016/05/14 16:04:06,1,0,false,false,false,36%,25809MV,191MA,03:36:00
2016/05/14 16:04:36,1,0,false,false,false,36%,25809MV,189MA,03:36:30
2016/05/14 16:05:06,1,0,false,false,false,36%,25809MV,189MA,03:37:00
2016/05/14 16:05:36,1,0,false,false,false,36%,25809MV,189MA,03:37:30
2016/05/14 16:06:06,1,0,false,false,false,36%,25830MV,191MA,03:38:00
2016/05/14 16:06:36,1,0,false,false,false,36%,25830MV,189MA,03:38:30
2016/05/14 16:07:06,1,0,false,false,false,36%,25830MV,189MA,03:39:00
2016/05/14 16:07:36,1,0,false,false,false,36%,25830MV,191MA,03:39:30
2016/05/14 16:08:06,1,0,false,false,false,36%,25830MV,191MA,03:40:00
2016/05/14 16:08:36,1,0,false,false,false,36%,25851MV,189MA,03:40:30
2016/05/14 16:09:06,1,0,false,false,false,36%,25851MV,189MA,03:41:00
2016/05/14 16:09:36,1,0,false,false,false,36%,25851MV,189MA,03:41:30
2016/05/14 16:10:06,1,0,false,false,false,36%,25851MV,189MA,03:42:00
2016/05/14 16:10:36,1,0,false,false,false,36%,25851MV,191MA,03:42:30
2016/05/14 16:11:06,1,0,false,false,false,36%,25872MV,189MA,03:43:00
2016/05/14 16:11:36,1,0,false,false,false,36%,25872MV,189MA,03:43:30
2016/05/14 16:12:06,1,0,false,false,false,36%,25872MV,191MA,03:44:00
2016/05/14 16:12:36,1,0,false,false,false,36%,25872MV,189MA,03:44:30
2016/05/14 16:13:06,1,0,false,false,false,36%,25872MV,189MA,03:45:00
2016/05/14 16:13:36,1,0,false,false,false,36%,25872MV,191MA,03:45:30
2016/05/14 16:14:06,1,0,false,false,false,36%,25872MV,189MA,03:46:00
2016/05/14 16:14:36,1,0,false,false,false,36%,25872MV,189MA,03:46:30
2016/05/14 16:15:06,1,0,false,false,false,36%,25872MV,189MA,03:47:00
2016/05/14 16:15:36,1,0,false,false,false,36%,25872MV,189MA,03:47:30
2016/05/14 16:16:06,1,0,false,false,false,36%,25893MV,189MA,03:48:00
2016/05/14 16:16:36,1,0,false,false,false,36%,25893MV,189MA,03:48:30
2016/05/14 16:17:06,1,0,false,false,false,36%,25893MV,189MA,03:49:00
2016/05/14 16:17:36,1,0,false,false,false,36%,25893MV,189MA,03:49:30
2016/05/14 16:18:06,1,0,false,false,false,36%,25893MV,189MA,03:50:00
2016/05/14 16:18:36,1,0,false,false,false,36%,25914MV,189MA,03:50:30
2016/05/14 16:19:06,1,0,false,false,false,36%,25914MV,189MA,03:51:00
2016/05/14 16:19:36,1,0,false,false,false,36%,25914MV,189MA,03:51:30
2016/05/14 16:20:06,1,0,false,false,false,36%,25914MV,189MA,03:52:00
2016/05/14 16:20:36,1,0,false,false,false,36%,25914MV,189MA,03:52:30
2016/05/14 16:21:06,1,0,false,false,false,36%,25914MV,189MA,03:53:00
2016/05/14 16:21:36,1,0,false,false,false,36%,25935MV,189MA,03:53:30
2016/05/14 16:22:06,1,0,false,false,false,36%,25935MV,189MA,03:54:00
2016/05/14 16:22:36,1,0,false,false,false,36%,25935MV,189MA,03:54:30
2016/05/14 16:23:06,1,0,false,false,false,36%,25935MV,189MA,03:55:00
2016/05/14 16:23:36,1,0,false,false,false,36%,25935MV,189MA,03:55:30
2016/05/14 16:24:06,1,0,false,false,false,36%,25935MV,189MA,03:56:00
2016/05/14 16:24:36,1,0,false,false,false,36%,25956MV,189MA,03:56:30
2016/05/14 16:25:06,1,0,false,false,false,36%,25956MV,189MA,03:57:00
2016/05/14 16:25:36,1,0,false,false,false,36%,25956MV,189MA,03:57:30
2016/05/14 16:26:06,1,0,false,false,false,36%,25956MV,189MA,03:58:00
2016/05/14 16:26:36,1,0,false,false,false,36%,25956MV,189MA,03:58:30
2016/05/14 16:27:06,1,0,false,false,false,36%,25956MV,189MA,03:59:00
2016/05/14 16:27:36,1,0,false,false,false,36%,25956MV,189MA,03:59:30
2016/05/14 16:28:06,1,0,false,false,false,36%,25956MV,189MA,04:00:00
2016/05/14 16:28:36,1,0,false,false,false,36%,25977MV,189MA,04:00:30
2016/05/14 16:29:06,1,0,false,false,false,36%,25977MV,189MA,04:01:00
2016/05/14 16:29:36,1,0,false,false,false,36%,25977MV,189MA,04:01:30
2016/05/14 16:30:06,1,0,false,false,false,36%,25977MV,189MA,04:02:00
2016/05/14 16:30:36,1,0,false,false,false,36%,25998MV,189MA,04:02:30
2016/05/14 16:31:06,1,0,false,false,false,36%,25977MV,189MA,04:03:00
2016/05/14 16:31:36,1,0,false,false,false,36%,25998MV,189MA,04:03:30
2016/05/14 16:32:06,1,0,false,false,false,36%,25998MV,191MA,04:04:00
2016/05/14 16:32:36,1,0,false,false,false,36%,25998MV,189MA,04:04:30
2016/05/14 16:33:06,1,0,false,false,false,36%,25998MV,189MA,04:05:00
2016/05/14 16:33:36,1,0,false,false,false,36%,26019MV,189MA,04:05:30
2016/05/14 16:34:06,1,0,false,false,false,36%,26019MV,189MA,04:06:00
2016/05/14 16:34:36,1,0,false,false,false,36%,26019MV,189MA,04:06:30
2016/05/14 16:35:06,1,0,false,false,false,36%,26019MV,189MA,04:07:00
2016/05/14 16:35:36,1,0,false,false,false,36%,26019MV,189MA,04:07:30
2016/05/14 16:36:06,1,0,false,false,false,36%,26019MV,191MA,04:08:00
2016/05/14 16:36:36,1,0,false,false,false,36%,26040MV,189MA,04:08:30
2016/05/14 16:37:06,1,0,false,false,false,36%,26040MV,189MA,04:09:00
2016/05/14 16:37:36,1,0,false,false,false,36%,26040MV,189MA,04:09:30
2016/05/14 16:38:06,1,0,false,false,false,36%,26040MV,189MA,04:10:00
2016/05/14 16:38:36,1,0,false,false,false,36%,26040MV,189MA,04:10:30
2016/05/14 16:39:06,1,0,false,false,false,36%,26040MV,189MA,04:11:00
2016/05/14 16:39:36,1,0,false,false,false,36%,26040MV,189MA,04:11:30
2016/05/14 16:40:06,1,0,false,false,false,36%,26040MV,189MA,04:12:00
2016/05/14 16:40:36,1,0,false,false,false,36%,26040MV,189MA,04:12:30
2016/05/14 16:41:06,1,0,false,false,false,37%,26061MV,189MA,04:13:00
2016/05/14 16:41:36,1,0,false,false,false,43%,26061MV,189MA,04:13:30
2016/05/14 16:42:06,1,0,false,false,false,43%,26061MV,189MA,04:14:00
2016/05/14 16:42:36,1,0,false,false,false,43%,26061MV,189MA,04:14:30
2016/05/14 16:43:06,1,0,false,false,false,43%,26061MV,189MA,04:15:00
2016/05/14 16:43:36,1,0,false,false,false,43%,26061MV,189MA,04:15:30
2016/05/14 16:44:06,1,0,false,false,false,43%,26082MV,189MA,04:16:00
2016/05/14 16:44:36,1,0,false,false,false,43%,26082MV,189MA,04:16:30
2016/05/14 16:45:06,1,0,false,false,false,43%,26082MV,189MA,04:17:00
2016/05/14 16:45:36,1,0,false,false,false,43%,26082MV,189MA,04:17:30
2016/05/14 16:46:06,1,0,false,false,false,43%,26082MV,189MA,04:18:00
2016/05/14 16:46:36,1,0,false,false,false,43%,26082MV,189MA,04:18:30
2016/05/14 16:47:06,1,0,false,false,false,43%,26103MV,189MA,04:19:00
2016/05/14 16:47:36,1,0,false,false,false,43%,26103MV,191MA,04:19:30
2016/05/14 16:48:06,1,0,false,false,false,43%,26103MV,189MA,04:20:00
2016/05/14 16:48:36,1,0,false,false,false,43%,26103MV,191MA,04:20:30
2016/05/14 16:49:06,1,0,false,false,false,43%,26103MV,189MA,04:21:00
2016/05/14 16:49:36,1,0,false,false,false,43%,26103MV,189MA,04:21:30
2016/05/14 16:50:06,1,0,false,false,false,43%,26103MV,189MA,04:22:00
2016/05/14 16:50:36,1,0,false,false,false,43%,26103MV,189MA,04:22:30
2016/05/14 16:51:06,1,0,false,false,false,43%,26124MV,189MA,04:23:00
2016/05/14 16:51:36,1,0,false,false,false,43%,26124MV,189MA,04:23:30
2016/05/14 16:52:06,1,0,false,false,false,43%,26124MV,189MA,04:24:00
2016/05/14 16:52:36,1,0,false,false,false,43%,26124MV,189MA,04:24:30
2016/05/14 16:53:06,1,0,false,false,false,43%,26124MV,189MA,04:25:00
2016/05/14 16:53:36,1,0,false,false,false,43%,26124MV,189MA,04:25:30
2016/05/14 16:54:06,1,0,false,false,false,43%,26145MV,189MA,04:26:00
2016/05/14 16:54:36,1,0,false,false,false,43%,26145MV,189MA,04:26:30
2016/05/14 16:55:06,1,0,false,false,false,43%,26145MV,189MA,04:27:00
2016/05/14 16:55:36,1,0,false,false,false,43%,26145MV,189MA,04:27:30
2016/05/14 16:56:06,1,0,false,false,false,43%,26145MV,189MA,04:28:00
2016/05/14 16:56:36,1,0,false,false,false,43%,26166MV,189MA,04:28:30
2016/05/14 16:57:06,1,0,false,false,false,43%,26166MV,189MA,04:29:00
2016/05/14 16:57:36,1,0,false,false,false,43%,26166MV,189MA,04:29:30
2016/05/14 16:58:06,1,0,false,false,false,43%,26166MV,189MA,04:30:00
2016/05/14 16:58:36,1,0,false,false,false,43%,26166MV,189MA,04:30:30
2016/05/14 16:59:06,1,0,false,false,false,43%,26166MV,189MA,04:31:00
2016/05/14 16:59:36,1,0,false,false,false,43%,26187MV,189MA,04:31:30
2016/05/14 17:00:06,1,0,false,false,false,43%,26187MV,189MA,04:32:00
2016/05/14 17:00:36,1,0,false,false,false,43%,26166MV,189MA,04:32:30
2016/05/14 17:01:06,1,0,false,false,false,43%,26187MV,191MA,04:33:00
2016/05/14 17:01:36,1,0,false,false,false,43%,26187MV,189MA,04:33:30
2016/05/14 17:02:06,1,0,false,false,false,43%,26187MV,189MA,04:34:00
2016/05/14 17:02:36,1,0,false,false,false,43%,26187MV,189MA,04:34:30
2016/05/14 17:03:06,1,0,false,false,false,43%,26187MV,189MA,04:35:00
2016/05/14 17:03:36,1,0,false,false,false,43%,26187MV,189MA,04:35:30
2016/05/14 17:04:06,1,0,false,false,false,43%,26208MV,189MA,04:36:00
2016/05/14 17:04:36,1,0,false,false,false,43%,26208MV,189MA,04:36:30
2016/05/14 17:05:06,1,0,false,false,false,43%,26208MV,189MA,04:37:00
2016/05/14 17:05:36,1,0,false,false,false,43%,26208MV,189MA,04:37:30
2016/05/14 17:06:06,1,0,false,false,false,43%,26208MV,189MA,04:38:00
2016/05/14 17:06:36,1,0,false,false,false,43%,26208MV,189MA,04:38:30
2016/05/14 17:07:06,1,0,false,false,false,43%,26229MV,189MA,04:39:00
2016/05/14 17:07:36,1,0,false,false,false,43%,26229MV,189MA,04:39:30
2016/05/14 17:08:06,1,0,false,false,false,43%,26229MV,189MA,04:40:00
2016/05/14 17:08:36,1,0,false,false,false,43%,26229MV,189MA,04:40:30
2016/05/14 17:09:06,1,0,false,false,false,43%,26229MV,189MA,04:41:00
2016/05/14 17:09:36,1,0,false,false,false,43%,26250MV,189MA,04:41:30
2016/05/14 17:10:06,1,0,false,false,false,43%,26229MV,189MA,04:42:00
2016/05/14 17:10:36,1,0,false,false,false,43%,26250MV,189MA,04:42:30
2016/05/14 17:11:06,1,0,false,false,false,43%,26250MV,189MA,04:43:00
2016/05/14 17:11:36,1,0,false,false,false,43%,26250MV,189MA,04:43:30
2016/05/14 17:12:06,1,0,false,false,false,43%,26250MV,189MA,04:44:00
2016/05/14 17:12:36,1,0,false,false,false,43%,26250MV,189MA,04:44:30
2016/05/14 17:13:06,1,0,false,false,false,43%,26250MV,189MA,04:45:00
2016/05/14 17:13:36,1,0,false,false,false,43%,26250MV,189MA,04:45:30
2016/05/14 17:14:06,1,0,false,false,false,43%,26271MV,189MA,04:46:00
2016/05/14 17:14:36,1,0,false,false,false,43%,26271MV,189MA,04:46:30
2016/05/14 17:15:06,1,0,false,false,false,43%,26271MV,189MA,04:47:00
2016/05/14 17:15:36,1,0,false,false,false,43%,26271MV,189MA,04:47:30
2016/05/14 17:16:06,1,0,false,false,false,43%,26271MV,189MA,04:48:00
2016/05/14 17:16:36,1,0,false,false,false,43%,26292MV,189MA,04:48:30
2016/05/14 17:17:06,1,0,false,false,false,43%,26292MV,189MA,04:49:00
2016/05/14 17:17:36,1,0,false,false,false,43%,26292MV,191MA,04:49:30
2016/05/14 17:18:06,1,0,false,false,false,43%,26292MV,189MA,04:50:00
2016/05/14 17:18:36,1,0,false,false,false,43%,26292MV,189MA,04:50:30
2016/05/14 17:19:06,1,0,false,false,false,43%,26292MV,189MA,04:51:00
2016/05/14 17:19:36,1,0,false,false,false,43%,26292MV,191MA,04:51:30
2016/05/14 17:20:06,1,0,false,false,false,43%,26313MV,189MA,04:52:00
2016/05/14 17:20:36,1,0,false,false,false,43%,26313MV,189MA,04:52:30
2016/05/14 17:21:06,1,0,false,false,false,43%,26313MV,189MA,04:53:00
2016/05/14 17:21:36,1,0,false,false,false,43%,26313MV,189MA,04:53:30
2016/05/14 17:22:06,1,0,false,false,false,43%,26313MV,189MA,04:54:00
2016/05/14 17:22:36,1,0,false,false,false,43%,26334MV,191MA,04:54:30
2016/05/14 17:23:06,1,0,false,false,false,43%,26334MV,189MA,04:55:00
2016/05/14 17:23:36,1,0,false,false,false,43%,26334MV,189MA,04:55:30
2016/05/14 17:24:06,1,0,false,false,false,43%,26334MV,189MA,04:56:00
2016/05/14 17:24:36,1,0,false,false,false,43%,26334MV,189MA,04:56:30
2016/05/14 17:25:06,1,0,false,false,false,43%,26334MV,189MA,04:57:00
2016/05/14 17:25:36,1,0,false,false,false,43%,26334MV,189MA,04:57:30
2016/05/14 17:26:06,1,0,false,false,false,43%,26334MV,189MA,04:58:00
2016/05/14 17:26:36,1,0,false,false,false,43%,26334MV,189MA,04:58:30
2016/05/14 17:27:06,1,0,false,false,false,50%,26355MV,189MA,04:59:00
2016/05/14 17:27:36,1,0,false,false,false,50%,26355MV,189MA,04:59:30
2016/05/14 17:28:06,1,0,false,false,false,50%,26355MV,189MA,05:00:00
2016/05/14 17:28:36,1,0,false,false,false,50%,26355MV,189MA,05:00:30
2016/05/14 17:29:06,1,0,false,false,false,50%,26355MV,189MA,05:01:00
2016/05/14 17:29:36,1,0,false,false,false,50%,26355MV,189MA,05:01:30
2016/05/14 17:30:06,1,0,false,false,false,50%,26376MV,189MA,05:02:00
2016/05/14 17:30:36,1,0,false,false,false,50%,26376MV,189MA,05:02:30
2016/05/14 17:31:06,1,0,false,false,false,50%,26376MV,189MA,05:03:00
2016/05/14 17:31:36,1,0,false,false,false,50%,26376MV,189MA,05:03:30
2016/05/14 17:32:06,1,0,false,false,false,50%,26376MV,189MA,05:04:00
2016/05/14 17:32:36,1,0,false,false,false,50%,26397MV,189MA,05:04:30
2016/05/14 17:33:06,1,0,false,false,false,50%,26397MV,189MA,05:05:00
2016/05/14 17:33:36,1,0,false,false,false,50%,26397MV,189MA,05:05:30
2016/05/14 17:34:06,1,0,false,false,false,50%,26397MV,189MA,05:06:00
2016/05/14 17:34:36,1,0,false,false,false,50%,26397MV,189MA,05:06:30
2016/05/14 17:35:06,1,0,false,false,false,50%,26418MV,189MA,05:07:00
2016/05/14 17:35:36,1,0,false,false,false,50%,26418MV,189MA,05:07:30
2016/05/14 17:36:06,1,0,false,false,false,50%,26418MV,189MA,05:08:00
2016/05/14 17:36:36,1,0,false,false,false,50%,26418MV,189MA,05:08:30
2016/05/14 17:37:06,1,0,false,false,false,50%,26418MV,189MA,05:09:00
2016/05/14 17:37:36,1,0,false,false,false,50%,26418MV,191MA,05:09:30
2016/05/14 17:38:06,1,0,false,false,false,50%,26418MV,189MA,05:10:00
2016/05/14 17:38:36,1,0,false,false,false,50%,26418MV,189MA,05:10:30
2016/05/14 17:39:06,1,0,false,false,false,50%,26418MV,189MA,05:11:00
2016/05/14 17:39:36,1,0,false,false,false,50%,26439MV,189MA,05:11:30
2016/05/14 17:40:06,1,0,false,false,false,50%,26439MV,189MA,05:12:00
2016/05/14 17:40:36,1,0,false,false,false,50%,26439MV,189MA,05:12:30
2016/05/14 17:41:06,1,0,false,false,false,50%,26439MV,189MA,05:13:00
2016/05/14 17:41:36,1,0,false,false,false,50%,26439MV,191MA,05:13:30
2016/05/14 17:42:06,1,0,false,false,false,50%,26460MV,189MA,05:14:00
2016/05/14 17:42:36,1,0,false,false,false,50%,26460MV,189MA,05:14:30
2016/05/14 17:43:07,1,0,false,false,false,50%,26460MV,189MA,05:15:00
2016/05/14 17:43:37,1,0,false,false,false,50%,26460MV,189MA,05:15:30
2016/05/14 17:44:07,1,0,false,false,false,50%,26460MV,189MA,05:16:00
2016/05/14 17:44:37,1,0,false,false,false,50%,26460MV,189MA,05:16:30
2016/05/14 17:45:07,1,0,false,false,false,50%,26460MV,189MA,05:17:00
2016/05/14 17:45:37,1,0,false,false,false,50%,26481MV,189MA,05:17:30
2016/05/14 17:46:07,1,0,false,false,false,50%,26481MV,189MA,05:18:00
2016/05/14 17:46:37,1,0,false,false,false,50%,26481MV,191MA,05:18:30
2016/05/14 17:47:07,1,0,false,false,false,50%,26481MV,189MA,05:19:00
2016/05/14 17:47:37,1,0,false,false,false,50%,26481MV,189MA,05:19:30
2016/05/14 17:48:07,1,0,false,false,false,50%,26481MV,189MA,05:20:00
2016/05/14 17:48:37,1,0,false,false,false,50%,26502MV,189MA,05:20:30
2016/05/14 17:49:07,1,0,false,false,false,50%,26481MV,189MA,05:21:00
2016/05/14 17:49:37,1,0,false,false,false,50%,26502MV,189MA,05:21:30
2016/05/14 17:50:07,1,0,false,false,false,50%,26502MV,189MA,05:22:00
2016/05/14 17:50:37,1,0,false,false,false,50%,26502MV,191MA,05:22:30
2016/05/14 17:51:07,1,0,false,false,false,50%,26502MV,189MA,05:23:00
2016/05/14 17:51:37,1,0,false,false,false,50%,26502MV,191MA,05:23:30
2016/05/14 17:52:07,1,0,false,false,false,50%,26523MV,189MA,05:24:00
2016/05/14 17:52:37,1,0,false,false,false,50%,26523MV,189MA,05:24:30
2016/05/14 17:53:07,1,0,false,false,false,50%,26523MV,189MA,05:25:00
2016/05/14 17:53:37,1,0,false,false,false,50%,26523MV,191MA,05:25:30
2016/05/14 17:54:07,1,0,false,false,false,50%,26523MV,189MA,05:26:00
2016/05/14 17:54:37,1,0,false,false,false,50%,26544MV,189MA,05:26:30
2016/05/14 17:55:07,1,0,false,false,false,50%,26544MV,189MA,05:27:00
2016/05/14 17:55:37,1,0,false,false,false,50%,26544MV,189MA,05:27:30
2016/05/14 17:56:07,1,0,false,false,false,50%,26544MV,189MA,05:28:00
2016/05/14 17:56:37,1,0,false,false,false,50%,26544MV,191MA,05:28:30
2016/05/14 17:57:07,1,0,false,false,false,50%,26565MV,189MA,05:29:00
2016/05/14 17:57:37,1,0,false,false,false,50%,26565MV,189MA,05:29:30
2016/05/14 17:58:07,1,0,false,false,false,50%,26565MV,191MA,05:30:00
2016/05/14 17:58:37,1,0,false,false,false,50%,26565MV,191MA,05:30:30
2016/05/14 17:59:07,1,0,false,false,false,50%,26565MV,189MA,05:31:00
2016/05/14 17:59:37,1,0,false,false,false,50%,26565MV,191MA,05:31:30
2016/05/14 18:00:07,1,0,false,false,false,50%,26565MV,189MA,05:32:00
2016/05/14 18:00:37,1,0,false,false,false,50%,26565MV,189MA,05:32:30
2016/05/14 18:01:07,1,0,false,false,false,50%,26586MV,189MA,05:33:00
2016/05/14 18:01:37,1,0,false,false,false,50%,26586MV,189MA,05:33:30
2016/05/14 18:02:07,1,0,false,false,false,50%,26586MV,189MA,05:34:00
2016/05/14 18:02:37,1,0,false,false,false,50%,26586MV,191MA,05:34:30
2016/05/14 18:03:07,1,0,false,false,false,50%,26586MV,189MA,05:35:00
2016/05/14 18:03:37,1,0,false,false,false,53%,26607MV,189MA,05:35:30
2016/05/14 18:04:07,1,0,false,false,false,57%,26607MV,191MA,05:36:00
2016/05/14 18:04:37,1,0,false,false,false,57%,26607MV,191MA,05:36:30
2016/05/14 18:05:07,1,0,false,false,false,57%,26607MV,189MA,05:37:00
2016/05/14 18:05:37,1,0,false,false,false,57%,26607MV,189MA,05:37:30
2016/05/14 18:06:07,1,0,false,false,false,57%,26628MV,189MA,05:38:00
2016/05/14 18:06:37,1,0,false,false,false,57%,26628MV,189MA,05:38:30
2016/05/14 18:07:07,1,0,false,false,false,57%,26628MV,189MA,05:39:00
2016/05/14 18:07:37,1,0,false,false,false,57%,26628MV,189MA,05:39:30
2016/05/14 18:08:07,1,0,false,false,false,57%,26628MV,191MA,05:40:00
2016/05/14 18:08:37,1,0,false,false,false,57%,26649MV,189MA,05:40:30
2016/05/14 18:09:07,1,0,false,false,false,57%,26649MV,189MA,05:41:00
2016/05/14 18:09:37,1,0,false,false,false,57%,26649MV,189MA,05:41:30
2016/05/14 18:10:07,1,0,false,false,false,57%,26649MV,191MA,05:42:00
2016/05/14 18:10:37,1,0,false,false,false,57%,26649MV,189MA,05:42:30
2016/05/14 18:11:07,1,0,false,false,false,57%,26649MV,189MA,05:43:00
2016/05/14 18:11:37,1,0,false,false,false,57%,26649MV,189MA,05:43:30
2016/05/14 18:12:07,1,0,false,false,false,57%,26649MV,191MA,05:44:00
2016/05/14 18:12:37,1,0,false,false,false,57%,26670MV,189MA,05:44:30
2016/05/14 18:13:07,1,0,false,false,false,57%,26670MV,189MA,05:45:00
2016/05/14 18:13:37,1,0,false,false,false,57%,26670MV,189MA,05:45:30
2016/05/14 18:14:07,1,0,false,false,false,57%,26670MV,189MA,05:46:00
2016/05/14 18:14:37,1,0,false,false,false,57%,26670MV,189MA,05:46:30
2016/05/14 18:15:07,1,0,false,false,false,57%,26691MV,191MA,05:47:00
2016/05/14 18:15:37,1,0,false,false,false,57%,26691MV,189MA,05:47:30
2016/05/14 18:16:07,1,0,false,false,false,57%,26691MV,189MA,05:48:00
2016/05/14 18:16:37,1,0,false,false,false,57%,26691MV,189MA,05:48:30
2016/05/14 18:17:07,1,0,false,false,false,57%,26691MV,189MA,05:49:00
2016/05/14 18:17:37,1,0,false,false,false,57%,26712MV,189MA,05:49:30
2016/05/14 18:18:07,1,0,false,false,false,57%,26712MV,191MA,05:50:00
2016/05/14 18:18:37,1,0,false,false,false,57%,26712MV,189MA,05:50:30
2016/05/14 18:19:07,1,0,false,false,false,57%,26712MV,189MA,05:51:00
2016/05/14 18:19:37,1,0,false,false,false,57%,26712MV,189MA,05:51:30
2016/05/14 18:20:07,1,0,false,false,false,57%,26712MV,191MA,05:52:00
2016/05/14 18:20:37,1,0,false,false,false,57%,26712MV,189MA,05:52:30
2016/05/14 18:21:07,1,0,false,false,false,57%,26733MV,189MA,05:53:00
2016/05/14 18:21:37,1,0,false,false,false,57%,26733MV,189MA,05:53:30
2016/05/14 18:22:07,1,0,false,false,false,57%,26733MV,189MA,05:54:00
2016/05/14 18:22:37,1,0,false,false,false,57%,26733MV,189MA,05:54:30
2016/05/14 18:23:07,1,0,false,false,false,57%,26733MV,189MA,05:55:00
2016/05/14 18:23:37,1,0,false,false,false,57%,26733MV,189MA,05:55:30
2016/05/14 18:24:07,1,0,false,false,false,57%,26754MV,189MA,05:56:00
2016/05/14 18:24:37,1,0,false,false,false,57%,26754MV,189MA,05:56:30
2016/05/14 18:25:07,1,0,false,false,false,57%,26754MV,189MA,05:57:00
2016/05/14 18:25:37,1,0,false,false,false,57%,26754MV,189MA,05:57:30
2016/05/14 18:26:07,1,0,false,false,false,57%,26775MV,189MA,05:58:00
2016/05/14 18:26:37,1,0,false,false,false,57%,26775MV,189MA,05:58:30
2016/05/14 18:27:07,1,0,false,false,false,57%,26775MV,191MA,05:59:00
2016/05/14 18:27:37,1,0,false,false,false,57%,26775MV,191MA,05:59:30
2016/05/14 18:28:07,1,0,false,false,false,57%,26775MV,189MA,06:00:00
2016/05/14 18:28:37,1,0,false,false,false,57%,26796MV,191MA,06:00:30
2016/05/14 18:29:07,1,0,false,false,false,57%,26796MV,189MA,06:01:00
2016/05/14 18:29:37,1,0,false,false,false,57%,26796MV,189MA,06:01:30
2016/05/14 18:30:07,1,0,false,false,false,57%,26796MV,189MA,06:02:00
2016/05/14 18:30:37,1,0,false,false,false,57%,26796MV,191MA,06:02:30
2016/05/14 18:31:07,1,0,false,false,false,57%,26796MV,189MA,06:03:00
2016/05/14 18:31:37,1,0,false,false,false,57%,26796MV,189MA,06:03:30
2016/05/14 18:32:07,1,0,false,false,false,64%,26817MV,189MA,06:04:00
2016/05/14 18:32:37,1,0,false,false,false,64%,26817MV,189MA,06:04:30
2016/05/14 18:33:07,1,0,false,false,false,64%,26817MV,191MA,06:05:00
2016/05/14 18:33:37,1,0,false,false,false,64%,26817MV,189MA,06:05:30
2016/05/14 18:34:07,1,0,false,false,false,64%,26817MV,191MA,06:06:00
2016/05/14 18:34:37,1,0,false,false,false,64%,26838MV,189MA,06:06:30
2016/05/14 18:35:07,1,0,false,false,false,64%,26838MV,191MA,06:07:00
2016/05/14 18:35:37,1,0,false,false,false,64%,26838MV,191MA,06:07:30
2016/05/14 18:36:07,1,0,false,false,false,64%,26838MV,191MA,06:08:00
2016/05/14 18:36:37,1,0,false,false,false,64%,26859MV,189MA,06:08:30
2016/05/14 18:37:07,1,0,false,false,false,64%,26859MV,191MA,06:09:00
2016/05/14 18:37:37,1,0,false,false,false,64%,26859MV,189MA,06:09:30
2016/05/14 18:38:07,1,0,false,false,false,64%,26859MV,189MA,06:10:00
2016/05/14 18:38:37,1,0,false,false,false,64%,26859MV,189MA,06:10:30
2016/05/14 18:39:07,1,0,false,false,false,64%,26880MV,191MA,06:11:00
2016/05/14 18:39:37,1,0,false,false,false,64%,26880MV,189MA,06:11:30
2016/05/14 18:40:07,1,0,false,false,false,64%,26880MV,191MA,06:12:00
2016/05/14 18:40:37,1,0,false,false,false,64%,26880MV,189MA,06:12:30
2016/05/14 18:41:07,1,0,false,false,false,64%,26880MV,191MA,06:13:00
2016/05/14 18:41:37,1,0,false,false,false,64%,26880MV,189MA,06:13:30
2016/05/14 18:42:07,1,0,false,false,false,64%,26901MV,189MA,06:14:00
2016/05/14 18:42:37,1,0,false,false,false,64%,26880MV,189MA,06:14:30
2016/05/14 18:43:07,1,0,false,false,false,64%,26901MV,189MA,06:15:00
2016/05/14 18:43:37,1,0,false,false,false,64%,26901MV,189MA,06:15:30
2016/05/14 18:44:07,1,0,false,false,false,64%,26901MV,189MA,06:16:00
2016/05/14 18:44:37,1,0,false,false,false,64%,26901MV,189MA,06:16:30
2016/05/14 18:45:07,1,0,false,false,false,64%,26922MV,189MA,06:17:00
2016/05/14 18:45:37,1,0,false,false,false,64%,26922MV,189MA,06:17:30
2016/05/14 18:46:07,1,0,false,false,false,64%,26922MV,189MA,06:18:00
2016/05/14 18:46:37,1,0,false,false,false,64%,26943MV,191MA,06:18:30
2016/05/14 18:47:07,1,0,false,false,false,64%,26943MV,189MA,06:19:00
2016/05/14 18:47:37,1,0,false,false,false,64%,26943MV,189MA,06:19:30
2016/05/14 18:48:07,1,0,false,false,false,64%,26943MV,189MA,06:20:00
2016/05/14 18:48:37,1,0,false,false,false,64%,26943MV,189MA,06:20:30
2016/05/14 18:49:07,1,0,false,false,false,64%,26943MV,189MA,06:21:00
2016/05/14 18:49:37,1,0,false,false,false,64%,26943MV,189MA,06:21:30
2016/05/14 18:50:07,1,0,false,false,false,64%,26964MV,189MA,06:22:00
2016/05/14 18:50:37,1,0,false,false,false,64%,26964MV,189MA,06:22:30
2016/05/14 18:51:07,1,0,false,false,false,64%,26964MV,189MA,06:23:00
2016/05/14 18:51:37,1,0,false,false,false,64%,26964MV,189MA,06:23:30
2016/05/14 18:52:07,1,0,false,false,false,64%,26964MV,189MA,06:24:00
2016/05/14 18:52:37,1,0,false,false,false,64%,26985MV,189MA,06:24:30
2016/05/14 18:53:07,1,0,false,false,false,64%,26985MV,189MA,06:25:00
2016/05/14 18:53:37,1,0,false,false,false,64%,26985MV,189MA,06:25:30
2016/05/14 18:54:07,1,0,false,false,false,64%,27006MV,189MA,06:26:00
2016/05/14 18:54:37,1,0,false,false,false,64%,26985MV,191MA,06:26:30
2016/05/14 18:55:07,1,0,false,false,false,64%,27006MV,189MA,06:27:00
2016/05/14 18:55:37,1,0,false,false,false,64%,27006MV,191MA,06:27:30
2016/05/14 18:56:07,1,0,false,false,false,64%,27006MV,189MA,06:28:00
2016/05/14 18:56:37,1,0,false,false,false,64%,27027MV,189MA,06:28:30
2016/05/14 18:57:07,1,0,false,false,false,64%,27027MV,189MA,06:29:00
2016/05/14 18:57:37,1,0,false,false,false,64%,27027MV,189MA,06:29:30
2016/05/14 18:58:07,1,0,false,false,false,64%,27027MV,189MA,06:30:00
2016/05/14 18:58:37,1,0,false,false,false,64%,27027MV,189MA,06:30:30
2016/05/14 18:59:07,1,0,false,false,false,64%,27027MV,189MA,06:31:00
2016/05/14 18:59:37,1,0,false,false,false,64%,27027MV,189MA,06:31:30
2016/05/14 19:00:07,1,0,false,false,false,64%,27048MV,191MA,06:32:00
2016/05/14 19:00:37,1,0,false,false,false,64%,27048MV,189MA,06:32:30
2016/05/14 19:01:07,1,0,false,false,false,64%,27048MV,189MA,06:33:00
2016/05/14 19:01:37,1,0,false,false,false,64%,27069MV,191MA,06:33:30
2016/05/14 19:02:07,1,0,false,false,false,64%,27069MV,191MA,06:34:00
2016/05/14 19:02:37,1,0,false,false,false,64%,27069MV,189MA,06:34:30
2016/05/14 19:03:07,1,0,false,false,false,64%,27069MV,189MA,06:35:00
2016/05/14 19:03:37,1,0,false,false,false,64%,27069MV,189MA,06:35:30
2016/05/14 19:04:07,1,0,false,false,false,64%,27090MV,189MA,06:36:00
2016/05/14 19:04:37,1,0,false,false,false,64%,27090MV,191MA,06:36:30
2016/05/14 19:05:07,1,0,false,false,false,64%,27090MV,189MA,06:37:00
2016/05/14 19:05:37,1,0,false,false,false,64%,27090MV,189MA,06:37:30
2016/05/14 19:06:07,1,0,false,false,false,64%,27111MV,189MA,06:38:00
2016/05/14 19:06:37,1,0,false,false,false,64%,27111MV,189MA,06:38:30
2016/05/14 19:07:07,1,0,false,false,false,64%,27111MV,191MA,06:39:00
2016/05/14 19:07:37,1,0,false,false,false,64%,27111MV,189MA,06:39:30
2016/05/14 19:08:07,1,0,false,false,false,64%,27111MV,191MA,06:40:00
2016/05/14 19:08:37,1,0,false,false,false,64%,27132MV,189MA,06:40:30
2016/05/14 19:09:07,1,0,false,false,false,64%,27132MV,191MA,06:41:00
2016/05/14 19:09:37,1,0,false,false,false,64%,27132MV,189MA,06:41:30
2016/05/14 19:10:07,1,0,false,false,false,64%,27132MV,191MA,06:42:00
2016/05/14 19:10:37,1,0,false,false,false,64%,27153MV,189MA,06:42:30
2016/05/14 19:11:07,1,0,false,false,false,64%,27153MV,189MA,06:43:00
2016/05/14 19:11:37,1,0,false,false,false,64%,27174MV,191MA,06:43:30
2016/05/14 19:12:07,1,0,false,false,false,64%,27174MV,189MA,06:44:00
2016/05/14 19:12:37,1,0,false,false,false,64%,27174MV,191MA,06:44:30
2016/05/14 19:13:07,1,0,false,false,false,64%,27174MV,189MA,06:45:00
2016/05/14 19:13:37,1,0,false,false,false,64%,27174MV,189MA,06:45:30
2016/05/14 19:14:07,1,0,false,false,false,64%,27174MV,189MA,06:46:00
2016/05/14 19:14:37,1,0,false,false,false,64%,27195MV,189MA,06:46:30
2016/05/14 19:15:07,1,0,false,false,false,64%,27195MV,189MA,06:47:00
2016/05/14 19:15:37,1,0,false,false,false,64%,27195MV,191MA,06:47:30
2016/05/14 19:16:07,1,0,false,false,false,64%,27195MV,189MA,06:48:00
2016/05/14 19:16:37,1,0,false,false,false,64%,27216MV,191MA,06:48:30
2016/05/14 19:17:07,1,0,false,false,false,64%,27216MV,189MA,06:49:00
2016/05/14 19:17:37,1,0,false,false,false,64%,27216MV,189MA,06:49:30
2016/05/14 19:18:07,1,0,false,false,false,64%,27237MV,189MA,06:50:00
2016/05/14 19:18:37,1,0,false,false,false,64%,27237MV,191MA,06:50:30
2016/05/14 19:19:07,1,0,false,false,false,64%,27237MV,189MA,06:51:00
2016/05/14 19:19:37,1,0,false,false,false,64%,27237MV,191MA,06:51:30
2016/05/14 19:20:07,1,0,false,false,false,64%,27258MV,189MA,06:52:00
2016/05/14 19:20:37,1,0,false,false,false,64%,27258MV,189MA,06:52:30
2016/05/14 19:21:07,1,0,false,false,false,64%,27258MV,189MA,06:53:00
2016/05/14 19:21:37,1,0,false,false,false,64%,27258MV,189MA,06:53:30
2016/05/14 19:22:07,1,0,false,false,false,64%,27258MV,191MA,06:54:00
2016/05/14 19:22:37,1,0,false,false,false,64%,27279MV,191MA,06:54:30
2016/05/14 19:23:07,1,0,false,false,false,64%,27279MV,189MA,06:55:00
2016/05/14 19:23:37,1,0,false,false,false,64%,27279MV,189MA,06:55:30
2016/05/14 19:24:07,1,0,false,false,false,64%,27300MV,191MA,06:56:00
2016/05/14 19:24:37,1,0,false,false,false,64%,27300MV,189MA,06:56:30
2016/05/14 19:25:07,1,0,false,false,false,64%,27300MV,189MA,06:57:00
2016/05/14 19:25:37,1,0,false,false,false,64%,27321MV,189MA,06:57:30
2016/05/14 19:26:07,1,0,false,false,false,64%,27321MV,191MA,06:58:00
2016/05/14 19:26:37,1,0,false,false,false,64%,27321MV,189MA,06:58:30
2016/05/14 19:27:07,1,0,false,false,false,64%,27321MV,191MA,06:59:00
2016/05/14 19:27:37,1,0,false,false,false,64%,27321MV,189MA,06:59:30
2016/05/14 19:28:07,1,0,false,false,false,64%,27342MV,189MA,07:00:00
2016/05/14 19:28:37,1,0,false,false,false,64%,27342MV,189MA,07:00:30
2016/05/14 19:29:07,1,0,false,false,false,64%,27363MV,189MA,07:01:00
2016/05/14 19:29:37,1,0,false,false,false,64%,27363MV,189MA,07:01:30
2016/05/14 19:30:07,1,0,false,false,false,64%,27363MV,191MA,07:02:00
2016/05/14 19:30:37,1,0,false,false,false,64%,27384MV,191MA,07:02:30
2016/05/14 19:31:07,1,0,false,false,false,64%,27384MV,189MA,07:03:00
2016/05/14 19:31:37,1,0,false,false,false,64%,27384MV,191MA,07:03:30
2016/05/14 19:32:07,1,0,false,false,false,64%,27405MV,189MA,07:04:00
2016/05/14 19:32:37,1,0,false,false,false,64%,27405MV,191MA,07:04:30
2016/05/14 19:33:07,1,0,false,false,false,64%,27405MV,191MA,07:05:00
2016/05/14 19:33:37,1,0,false,false,false,64%,27405MV,189MA,07:05:30
2016/05/14 19:34:07,1,0,false,false,false,64%,27405MV,189MA,07:06:00
2016/05/14 19:34:37,1,0,false,false,false,64%,27405MV,191MA,07:06:30
2016/05/14 19:35:07,1,0,false,false,false,64%,27426MV,189MA,07:07:00
2016/05/14 19:35:37,1,0,false,false,false,64%,27426MV,191MA,07:07:30
2016/05/14 19:36:07,1,0,false,false,false,64%,27447MV,189MA,07:08:00
2016/05/14 19:36:37,1,0,false,false,false,64%,27447MV,189MA,07:08:30
2016/05/14 19:37:07,1,0,false,false,false,64%,27468MV,191MA,07:09:00
2016/05/14 19:37:37,1,0,false,false,false,64%,27468MV,189MA,07:09:30
2016/05/14 19:38:07,1,0,false,false,false,64%,27489MV,189MA,07:10:00
2016/05/14 19:38:37,1,0,false,false,false,64%,27489MV,189MA,07:10:30
2016/05/14 19:39:07,1,0,false,false,false,64%,27489MV,189MA,07:11:00
2016/05/14 19:39:37,1,0,false,false,false,64%,27489MV,191MA,07:11:30
2016/05/14 19:40:07,1,0,false,false,false,64%,27489MV,189MA,07:12:00
2016/05/14 19:40:37,1,0,false,false,false,64%,27510MV,189MA,07:12:30
2016/05/14 19:41:07,1,0,false,false,false,64%,27510MV,189MA,07:13:00
2016/05/14 19:41:37,1,0,false,false,false,64%,27531MV,189MA,07:13:30
2016/05/14 19:42:07,1,0,false,false,false,64%,27531MV,191MA,07:14:00
2016/05/14 19:42:37,1,0,false,false,false,64%,27552MV,189MA,07:14:30
2016/05/14 19:43:07,1,0,false,false,false,64%,27552MV,189MA,07:15:00
2016/05/14 19:43:37,1,0,false,false,false,64%,27552MV,189MA,07:15:30
2016/05/14 19:44:07,1,0,false,false,false,64%,27552MV,189MA,07:16:00
2016/05/14 19:44:37,1,0,false,false,false,64%,27573MV,189MA,07:16:30
2016/05/14 19:45:07,1,0,false,false,false,64%,27573MV,191MA,07:17:00
2016/05/14 19:45:37,1,0,false,false,false,64%,27594MV,189MA,07:17:30
2016/05/14 19:46:07,1,0,false,false,false,64%,27594MV,189MA,07:18:00
2016/05/14 19:46:37,1,0,false,false,false,64%,27615MV,189MA,07:18:30
2016/05/14 19:47:07,1,0,false,false,false,64%,27615MV,191MA,07:19:00
2016/05/14 19:47:37,1,0,false,false,false,64%,27636MV,189MA,07:19:30
2016/05/14 19:48:07,1,0,false,false,false,64%,27636MV,189MA,07:20:00
2016/05/14 19:48:37,1,0,false,false,false,64%,27636MV,191MA,07:20:30
2016/05/14 19:49:07,1,0,false,false,false,64%,27657MV,189MA,07:21:00
2016/05/14 19:49:37,1,0,false,false,false,64%,27657MV,189MA,07:21:30
2016/05/14 19:50:07,1,0,false,false,false,64%,27657MV,189MA,07:22:00
2016/05/14 19:50:37,1,0,false,false,false,64%,27678MV,189MA,07:22:30
2016/05/14 19:51:07,1,0,false,false,false,64%,27678MV,189MA,07:23:00
2016/05/14 19:51:37,1,0,false,false,false,64%,27699MV,189MA,07:23:30
2016/05/14 19:52:07,1,0,false,false,false,64%,27720MV,191MA,07:24:00
2016/05/14 19:52:37,1,0,false,false,false,64%,27720MV,189MA,07:24:30
2016/05/14 19:53:07,1,0,false,false,false,64%,27720MV,189MA,07:25:00
2016/05/14 19:53:37,1,0,false,false,false,64%,27741MV,191MA,07:25:30
2016/05/14 19:54:07,1,0,false,false,false,64%,27741MV,191MA,07:26:00
2016/05/14 19:54:37,1,0,false,false,false,64%,27783MV,189MA,07:26:30
2016/05/14 19:55:07,1,0,false,false,false,64%,27762MV,189MA,07:27:00
2016/05/14 19:55:37,1,0,false,false,false,64%,27783MV,189MA,07:27:30
2016/05/14 19:56:07,1,0,false,false,false,64%,27783MV,191MA,07:28:00
2016/05/14 19:56:37,1,0,false,false,false,67%,27804MV,191MA,07:28:30
2016/05/14 19:57:07,1,0,false,false,false,71%,27804MV,189MA,07:29:00
2016/05/14 19:57:37,1,0,false,false,false,71%,27825MV,189MA,07:29:30
2016/05/14 19:58:07,1,0,false,false,false,71%,27825MV,189MA,07:30:00
2016/05/14 19:58:37,1,0,false,false,false,71%,27846MV,193MA,07:30:30
2016/05/14 19:59:07,1,0,false,false,false,71%,27867MV,189MA,07:31:00
2016/05/14 19:59:37,1,0,false,false,false,71%,27867MV,189MA,07:31:30
2016/05/14 20:00:07,1,0,false,false,false,71%,27867MV,191MA,07:32:00
2016/05/14 20:00:37,1,0,false,false,false,71%,27888MV,191MA,07:32:30
2016/05/14 20:01:07,1,0,false,false,false,71%,27888MV,189MA,07:33:00
2016/05/14 20:01:37,1,0,false,false,false,71%,27909MV,189MA,07:33:30
2016/05/14 20:02:07,1,0,false,false,false,71%,27930MV,191MA,07:34:00
2016/05/14 20:02:37,1,0,false,false,false,71%,27930MV,189MA,07:34:30
2016/05/14 20:03:07,1,0,false,false,false,71%,27930MV,189MA,07:35:00
2016/05/14 20:03:37,1,0,false,false,false,71%,27951MV,189MA,07:35:30
2016/05/14 20:04:07,1,0,false,false,false,71%,27972MV,191MA,07:36:00
2016/05/14 20:04:37,1,0,false,false,false,71%,27993MV,189MA,07:36:30
2016/05/14 20:05:07,1,0,false,false,false,71%,27993MV,189MA,07:37:00
2016/05/14 20:05:37,1,0,false,false,false,77%,28014MV,189MA,07:37:30
2016/05/14 20:06:07,1,0,false,false,false,79%,28014MV,191MA,07:38:00
2016/05/14 20:06:37,1,0,false,false,false,79%,28035MV,191MA,07:38:30
2016/05/14 20:07:07,1,0,false,false,false,79%,28035MV,189MA,07:39:00
2016/05/14 20:07:37,1,0,false,false,false,79%,28056MV,191MA,07:39:30
2016/05/14 20:08:07,1,0,false,false,false,79%,28077MV,191MA,07:40:00
2016/05/14 20:08:37,1,0,false,false,false,79%,28077MV,189MA,07:40:30
2016/05/14 20:09:07,1,0,false,false,false,79%,28098MV,189MA,07:41:00
2016/05/14 20:09:37,1,0,false,false,false,79%,28098MV,191MA,07:41:30
2016/05/14 20:10:07,1,0,false,false,false,79%,28119MV,191MA,07:42:00
2016/05/14 20:10:37,1,0,false,false,false,79%,28119MV,189MA,07:42:30
2016/05/14 20:11:07,1,0,false,false,false,79%,28119MV,191MA,07:43:00
2016/05/14 20:11:37,1,0,false,false,false,79%,28119MV,189MA,07:43:30
2016/05/14 20:12:07,1,0,false,false,false,79%,28119MV,191MA,07:44:00
2016/05/14 20:12:37,1,0,false,false,false,79%,28119MV,189MA,07:44:30
2016/05/14 20:13:07,1,0,false,false,false,79%,28119MV,189MA,07:45:00
2016/05/14 20:13:37,1,0,false,false,false,79%,28119MV,189MA,07:45:30
2016/05/14 20:14:07,1,0,false,false,false,79%,28119MV,191MA,07:46:00
2016/05/14 20:14:37,1,0,false,false,false,79%,28119MV,189MA,07:46:30
2016/05/14 20:15:07,1,0,false,false,false,79%,28119MV,191MA,07:47:00
2016/05/14 20:15:37,1,0,false,false,false,79%,28119MV,189MA,07:47:30
2016/05/14 20:16:07,1,0,false,false,false,79%,28119MV,191MA,07:48:00
2016/05/14 20:16:37,1,0,false,false,false,79%,28119MV,191MA,07:48:30
2016/05/14 20:17:07,1,0,false,false,false,79%,28140MV,189MA,07:49:00
2016/05/14 20:17:37,1,0,false,false,false,79%,28140MV,189MA,07:49:30
2016/05/14 20:18:07,1,0,false,false,false,79%,28140MV,189MA,07:50:00
2016/05/14 20:18:37,1,0,false,false,false,79%,28140MV,189MA,07:50:30
2016/05/14 20:19:07,1,0,false,false,false,79%,28140MV,191MA,07:51:00
2016/05/14 20:19:37,1,0,false,false,false,79%,28140MV,189MA,07:51:30
2016/05/14 20:20:07,1,0,false,false,false,79%,28140MV,191MA,07:52:00
2016/05/14 20:20:37,1,0,false,false,false,79%,28140MV,189MA,07:52:30
2016/05/14 20:21:07,1,0,false,false,false,79%,28140MV,189MA,07:53:00
2016/05/14 20:21:37,1,0,false,false,false,79%,28140MV,191MA,07:53:30
2016/05/14 20:22:07,1,0,false,false,false,79%,28140MV,189MA,07:54:00
2016/05/14 20:22:37,1,0,false,false,false,79%,28140MV,189MA,07:54:30
2016/05/14 20:23:07,1,0,false,false,false,79%,28140MV,191MA,07:55:00
2016/05/14 20:23:37,1,0,false,false,false,79%,28161MV,191MA,07:55:30
2016/05/14 20:24:07,1,0,false,false,false,79%,28161MV,191MA,07:56:00
2016/05/14 20:24:37,1,0,false,false,false,79%,28161MV,189MA,07:56:30
2016/05/14 20:25:07,1,0,false,false,false,79%,28161MV,191MA,07:57:00
2016/05/14 20:25:37,1,0,false,false,false,79%,28161MV,189MA,07:57:30
2016/05/14 20:26:07,1,0,false,false,false,79%,28161MV,189MA,07:58:00
2016/05/14 20:26:37,1,0,false,false,false,79%,28140MV,189MA,07:58:30
2016/05/14 20:27:07,1,0,false,false,false,79%,28161MV,189MA,07:59:00
2016/05/14 20:27:37,1,0,false,false,false,79%,28161MV,189MA,07:59:30
2016/05/14 20:28:07,1,0,false,false,false,79%,28161MV,191MA,08:00:00
2016/05/14 20:28:37,1,0,false,false,false,79%,28161MV,191MA,08:00:30
2016/05/14 20:29:07,1,0,false,false,false,79%,28161MV,189MA,08:01:00
2016/05/14 20:29:37,1,0,false,false,false,79%,28161MV,189MA,08:01:30
2016/05/14 20:30:07,1,0,false,false,false,79%,28161MV,189MA,08:02:00
2016/05/14 20:30:37,1,0,false,false,false,79%,28161MV,189MA,08:02:30
2016/05/14 20:31:07,1,0,false,false,false,79%,28161MV,189MA,08:03:00
2016/05/14 20:31:37,1,0,false,false,false,79%,28161MV,191MA,08:03:30
2016/05/14 20:32:07,1,0,false,false,false,79%,28161MV,189MA,08:04:00
2016/05/14 20:32:37,1,0,false,false,false,79%,28161MV,189MA,08:04:30
2016/05/14 20:33:07,1,0,false,false,false,79%,28161MV,186MA,08:05:00
2016/05/14 20:33:37,1,0,false,false,false,79%,28182MV,189MA,08:05:30
2016/05/14 20:34:07,1,0,false,false,false,79%,28161MV,189MA,08:06:00
2016/05/14 20:34:37,1,0,false,false,false,79%,28182MV,189MA,08:06:30
2016/05/14 20:35:07,1,0,false,false,false,79%,28182MV,191MA,08:07:00
2016/05/14 20:35:37,1,0,false,false,false,79%,28182MV,189MA,08:07:30
2016/05/14 20:36:07,1,0,false,false,false,79%,28182MV,189MA,08:08:00
2016/05/14 20:36:37,1,0,false,false,false,79%,28182MV,191MA,08:08:30
2016/05/14 20:37:07,1,0,false,false,false,79%,28182MV,189MA,08:09:00
2016/05/14 20:37:37,1,0,false,false,false,79%,28182MV,189MA,08:09:30
2016/05/14 20:38:07,1,0,false,false,false,79%,28182MV,189MA,08:10:00
2016/05/14 20:38:37,1,0,false,false,false,79%,28182MV,189MA,08:10:30
2016/05/14 20:39:07,1,0,false,false,false,79%,28182MV,189MA,08:11:00
2016/05/14 20:39:37,1,0,false,false,false,79%,28182MV,189MA,08:11:30
2016/05/14 20:40:07,1,0,false,false,false,79%,28182MV,189MA,08:12:00
2016/05/14 20:40:37,1,0,false,false,false,79%,28182MV,191MA,08:12:30
2016/05/14 20:41:07,1,0,false,false,false,79%,28203MV,189MA,08:13:00
2016/05/14 20:41:37,1,0,false,false,false,79%,28203MV,189MA,08:13:30
2016/05/14 20:42:07,1,0,false,false,false,79%,28203MV,189MA,08:14:00
2016/05/14 20:42:37,1,0,false,false,false,79%,28203MV,189MA,08:14:30
2016/05/14 20:43:07,1,0,false,false,false,79%,28203MV,191MA,08:15:00
2016/05/14 20:43:37,1,0,false,false,false,79%,28203MV,189MA,08:15:30
2016/05/14 20:44:07,1,0,false,false,false,79%,28203MV,189MA,08:16:00
2016/05/14 20:44:37,1,0,false,false,false,79%,28203MV,189MA,08:16:30
2016/05/14 20:45:07,1,0,false,false,false,79%,28203MV,191MA,08:17:00
2016/05/14 20:45:37,1,0,false,false,false,79%,28203MV,189MA,08:17:30
2016/05/14 20:46:07,1,0,false,false,false,79%,28203MV,189MA,08:18:00
2016/05/14 20:46:37,1,0,false,false,false,79%,28203MV,189MA,08:18:30
2016/05/14 20:47:07,1,0,false,false,false,79%,28203MV,189MA,08:19:00
2016/05/14 20:47:37,1,0,false,false,false,79%,28203MV,191MA,08:19:30
2016/05/14 20:48:07,1,0,false,false,false,79%,28203MV,189MA,08:20:01
2016/05/14 20:48:37,1,0,false,false,false,79%,28224MV,189MA,08:20:31
2016/05/14 20:49:07,1,0,false,false,false,79%,28224MV,189MA,08:21:01
2016/05/14 20:49:37,1,0,false,false,false,79%,28224MV,189MA,08:21:31
2016/05/14 20:50:07,1,0,false,false,false,79%,28224MV,189MA,08:22:01
2016/05/14 20:50:37,1,0,false,false,false,79%,28224MV,189MA,08:22:31
2016/05/14 20:51:07,1,0,false,false,false,79%,28224MV,189MA,08:23:01
2016/05/14 20:51:37,1,0,false,false,false,79%,28224MV,189MA,08:23:31
2016/05/14 20:52:07,1,0,false,false,false,79%,28224MV,189MA,08:24:01
2016/05/14 20:52:37,1,0,false,false,false,79%,28224MV,189MA,08:24:31
2016/05/14 20:53:07,1,0,false,false,false,79%,28224MV,189MA,08:25:01
2016/05/14 20:53:37,1,0,false,false,false,79%,28224MV,191MA,08:25:31
2016/05/14 20:54:07,1,0,false,false,false,79%,28224MV,189MA,08:26:01
2016/05/14 20:54:37,1,0,false,false,false,79%,28224MV,189MA,08:26:31
2016/05/14 20:55:07,1,0,false,false,false,79%,28245MV,189MA,08:27:01
2016/05/14 20:55:37,1,0,false,false,false,79%,28245MV,189MA,08:27:31
2016/05/14 20:56:07,1,0,false,false,false,79%,28224MV,189MA,08:28:01
2016/05/14 20:56:37,1,0,false,false,false,79%,28245MV,189MA,08:28:31
2016/05/14 20:57:07,1,0,false,false,false,79%,28245MV,191MA,08:29:01
2016/05/14 20:57:37,1,0,false,false,false,79%,28245MV,189MA,08:29:31
2016/05/14 20:58:07,1,0,false,false,false,79%,28245MV,189MA,08:30:01
2016/05/14 20:58:37,1,0,false,false,false,79%,28245MV,189MA,08:30:31
2016/05/14 20:59:07,1,0,false,false,false,79%,28245MV,189MA,08:31:01
2016/05/14 20:59:37,1,0,false,false,false,79%,28245MV,189MA,08:31:31
2016/05/14 21:00:07,1,0,false,false,false,79%,28245MV,189MA,08:32:01
2016/05/14 21:00:37,1,0,false,false,false,79%,28245MV,189MA,08:32:31
2016/05/14 21:01:07,1,0,false,false,false,79%,28245MV,189MA,08:33:01
2016/05/14 21:01:37,1,0,false,false,false,79%,28245MV,189MA,08:33:31
2016/05/14 21:02:07,1,0,false,false,false,79%,28245MV,189MA,08:34:01
2016/05/14 21:02:37,1,0,false,false,false,79%,28245MV,191MA,08:34:31
2016/05/14 21:03:07,1,0,false,false,false,79%,28245MV,189MA,08:35:01
2016/05/14 21:03:37,1,0,false,false,false,79%,28245MV,189MA,08:35:31
2016/05/14 21:04:07,1,0,false,false,false,79%,28245MV,189MA,08:36:01
2016/05/14 21:04:37,1,0,false,false,false,79%,28245MV,189MA,08:36:31
2016/05/14 21:05:07,1,0,false,false,false,79%,28245MV,191MA,08:37:01
2016/05/14 21:05:37,1,0,false,false,false,79%,28245MV,189MA,08:37:31
2016/05/14 21:06:07,1,0,false,false,false,79%,28245MV,189MA,08:38:01
2016/05/14 21:06:37,1,0,false,false,false,79%,28245MV,189MA,08:38:31
2016/05/14 21:07:07,1,0,false,false,false,79%,28245MV,189MA,08:39:01
2016/05/14 21:07:37,1,0,false,false,false,79%,28245MV,189MA,08:39:31
2016/05/14 21:08:07,1,0,false,false,false,79%,28245MV,189MA,08:40:01
2016/05/14 21:08:37,1,0,false,false,false,79%,28245MV,189MA,08:40:31
2016/05/14 21:09:07,1,0,false,false,false,79%,28266MV,189MA,08:41:01
2016/05/14 21:09:37,1,0,false,false,false,79%,28266MV,189MA,08:41:31
2016/05/14 21:10:07,1,0,false,false,false,79%,28245MV,189MA,08:42:01
2016/05/14 21:10:37,1,0,false,false,false,79%,28266MV,189MA,08:42:31
2016/05/14 21:11:07,1,0,false,false,false,79%,28266MV,189MA,08:43:01
2016/05/14 21:11:37,1,0,false,false,false,79%,28266MV,189MA,08:43:31
2016/05/14 21:12:07,1,0,false,false,false,79%,28266MV,189MA,08:44:01
2016/05/14 21:12:37,1,0,false,false,false,79%,28266MV,189MA,08:44:31
2016/05/14 21:13:07,1,0,false,false,false,79%,28266MV,189MA,08:45:01
2016/05/14 21:13:37,1,0,false,false,false,79%,28266MV,189MA,08:45:31
2016/05/14 21:14:07,1,0,false,false,false,79%,28266MV,189MA,08:46:01
2016/05/14 21:14:37,1,0,false,false,false,79%,28266MV,189MA,08:46:31
2016/05/14 21:15:07,1,0,false,false,false,79%,28266MV,191MA,08:47:01
2016/05/14 21:15:37,1,0,false,false,false,79%,28266MV,189MA,08:47:31
2016/05/14 21:16:07,1,0,false,false,false,79%,28266MV,189MA,08:48:01
2016/05/14 21:16:37,1,0,false,false,false,79%,28266MV,189MA,08:48:31
2016/05/14 21:17:07,1,0,false,false,false,79%,28266MV,189MA,08:49:01
2016/05/14 21:17:37,1,0,false,false,false,79%,28266MV,189MA,08:49:31
2016/05/14 21:18:07,1,0,false,false,false,79%,28287MV,189MA,08:50:01
2016/05/14 21:18:37,1,0,false,false,false,79%,28266MV,189MA,08:50:31
2016/05/14 21:19:07,1,0,false,false,false,79%,28287MV,189MA,08:51:01
2016/05/14 21:19:37,1,0,false,false,false,79%,28287MV,189MA,08:51:31
2016/05/14 21:20:07,1,0,false,false,false,79%,28287MV,189MA,08:52:01
2016/05/14 21:20:37,1,0,false,false,false,79%,28287MV,189MA,08:52:31
2016/05/14 21:21:07,1,0,false,false,false,79%,28287MV,189MA,08:53:01
2016/05/14 21:21:37,1,0,false,false,false,79%,28287MV,189MA,08:53:31
2016/05/14 21:22:07,1,0,false,false,false,79%,28287MV,189MA,08:54:01
2016/05/14 21:22:37,1,0,false,false,false,79%,28287MV,189MA,08:54:31
2016/05/14 21:23:07,1,0,false,false,false,79%,28287MV,189MA,08:55:01
2016/05/14 21:23:37,1,0,false,false,false,79%,28287MV,189MA,08:55:31
2016/05/14 21:24:07,1,0,false,false,false,79%,28287MV,189MA,08:56:01
2016/05/14 21:24:37,1,0,false,false,false,79%,28287MV,189MA,08:56:31
2016/05/14 21:25:07,1,0,false,false,false,79%,28287MV,189MA,08:57:01
2016/05/14 21:25:37,1,0,false,false,false,79%,28287MV,189MA,08:57:31
2016/05/14 21:26:07,1,0,false,false,false,79%,28287MV,189MA,08:58:01
2016/05/14 21:26:37,1,0,false,false,false,79%,28287MV,189MA,08:58:31
2016/05/14 21:27:07,1,0,false,false,false,79%,28287MV,189MA,08:59:01
2016/05/14 21:27:37,1,0,false,false,false,79%,28287MV,189MA,08:59:31
2016/05/14 21:28:07,1,0,false,false,false,79%,28287MV,189MA,09:00:01
2016/05/14 21:28:37,1,0,false,false,false,79%,28308MV,189MA,09:00:31
2016/05/14 21:29:07,1,0,false,false,false,79%,28287MV,189MA,09:01:01
2016/05/14 21:29:37,1,0,false,false,false,79%,28308MV,189MA,09:01:31
2016/05/14 21:30:07,1,0,false,false,false,79%,28308MV,189MA,09:02:01
2016/05/14 21:30:37,1,0,false,false,false,79%,28308MV,189MA,09:02:31
2016/05/14 21:31:07,1,0,false,false,false,79%,28308MV,189MA,09:03:01
2016/05/14 21:31:37,1,0,false,false,false,79%,28308MV,189MA,09:03:31
2016/05/14 21:32:07,1,0,false,false,false,79%,28308MV,189MA,09:04:01
2016/05/14 21:32:37,1,0,false,false,false,79%,28308MV,189MA,09:04:31
2016/05/14 21:33:07,1,0,false,false,false,79%,28308MV,189MA,09:05:01
2016/05/14 21:33:37,1,0,false,false,false,79%,28308MV,189MA,09:05:31
2016/05/14 21:34:07,1,0,false,false,false,79%,28308MV,189MA,09:06:01
2016/05/14 21:34:37,1,0,false,false,false,79%,28308MV,189MA,09:06:31
2016/05/14 21:35:07,1,0,false,false,false,79%,28308MV,189MA,09:07:01
2016/05/14 21:35:37,1,0,false,false,false,79%,28308MV,189MA,09:07:31
2016/05/14 21:36:07,1,0,false,false,false,79%,28308MV,189MA,09:08:01
2016/05/14 21:36:37,1,0,false,false,false,79%,28308MV,189MA,09:08:31
2016/05/14 21:37:07,1,0,false,false,false,79%,28308MV,189MA,09:09:01
2016/05/14 21:37:37,1,0,false,false,false,79%,28308MV,189MA,09:09:31
2016/05/14 21:38:07,1,0,false,false,false,79%,28308MV,189MA,09:10:01
2016/05/14 21:38:37,1,0,false,false,false,79%,28308MV,189MA,09:10:31
2016/05/14 21:39:07,1,0,false,false,false,79%,28308MV,189MA,09:11:01
2016/05/14 21:39:37,1,0,false,false,false,79%,28308MV,191MA,09:11:31
2016/05/14 21:40:07,1,0,false,false,false,79%,28308MV,189MA,09:12:01
2016/05/14 21:40:37,1,0,false,false,false,79%,28308MV,189MA,09:12:31
2016/05/14 21:41:07,1,0,false,false,false,79%,28308MV,189MA,09:13:01
2016/05/14 21:41:37,1,0,false,false,false,79%,28308MV,189MA,09:13:31
2016/05/14 21:42:07,1,0,false,false,false,79%,28329MV,189MA,09:14:01
2016/05/14 21:42:37,1,0,false,false,false,79%,28329MV,189MA,09:14:31
2016/05/14 21:43:07,1,0,false,false,false,79%,28329MV,189MA,09:15:01
2016/05/14 21:43:37,1,0,false,false,false,79%,28329MV,189MA,09:15:31
2016/05/14 21:44:07,1,0,false,false,false,79%,28329MV,189MA,09:16:01
2016/05/14 21:44:37,1,0,false,false,false,79%,28329MV,189MA,09:16:31
2016/05/14 21:45:07,1,0,false,false,false,79%,28329MV,189MA,09:17:01
2016/05/14 21:45:37,1,0,false,false,false,79%,28329MV,189MA,09:17:31
2016/05/14 21:46:07,1,0,false,false,false,79%,28329MV,189MA,09:18:01
2016/05/14 21:46:37,1,0,false,false,false,79%,28329MV,189MA,09:18:31
2016/05/14 21:47:07,1,0,false,false,false,79%,28329MV,189MA,09:19:01
2016/05/14 21:47:37,1,0,false,false,false,79%,28329MV,189MA,09:19:31
2016/05/14 21:48:07,1,0,false,false,false,79%,28329MV,189MA,09:20:01
2016/05/14 21:48:37,1,0,false,false,false,79%,28329MV,189MA,09:20:31
2016/05/14 21:49:07,1,0,false,false,false,79%,28329MV,189MA,09:21:01
2016/05/14 21:49:37,1,0,false,false,false,79%,28329MV,189MA,09:21:31
2016/05/14 21:50:07,1,0,false,false,false,79%,28329MV,189MA,09:22:01
2016/05/14 21:50:37,1,0,false,false,false,79%,28329MV,189MA,09:22:31
2016/05/14 21:51:07,1,0,false,false,false,79%,28329MV,189MA,09:23:01
2016/05/14 21:51:37,1,0,false,false,false,79%,28329MV,189MA,09:23:31
2016/05/14 21:52:07,1,0,false,false,false,79%,28329MV,189MA,09:24:01
2016/05/14 21:52:37,1,0,false,false,false,79%,28329MV,189MA,09:24:31
2016/05/14 21:53:07,1,0,false,false,false,79%,28329MV,191MA,09:25:01
2016/05/14 21:53:37,1,0,false,false,false,79%,28329MV,189MA,09:25:31
2016/05/14 21:54:07,1,0,false,false,false,79%,28329MV,189MA,09:26:01
2016/05/14 21:54:37,1,0,false,false,false,79%,28329MV,189MA,09:26:31
2016/05/14 21:55:07,1,0,false,false,false,79%,28329MV,189MA,09:27:01
2016/05/14 21:55:37,1,0,false,false,false,79%,28329MV,189MA,09:27:31
2016/05/14 21:56:07,1,0,false,false,false,79%,28329MV,189MA,09:28:01
2016/05/14 21:56:37,1,0,false,false,false,79%,28329MV,189MA,09:28:31
2016/05/14 21:57:07,1,0,false,false,false,79%,28329MV,189MA,09:29:01
2016/05/14 21:57:37,1,0,false,false,false,79%,28329MV,189MA,09:29:31
2016/05/14 21:58:07,1,0,false,false,false,79%,28329MV,189MA,09:30:01
2016/05/14 21:58:37,1,0,false,false,false,79%,28329MV,189MA,09:30:31
2016/05/14 21:59:07,1,0,false,false,false,79%,28329MV,189MA,09:31:01
2016/05/14 21:59:37,1,0,false,false,false,79%,28329MV,189MA,09:31:31
2016/05/14 22:00:07,1,0,false,false,false,79%,28329MV,189MA,09:32:01
2016/05/14 22:00:37,1,0,false,false,false,79%,28350MV,191MA,09:32:31
2016/05/14 22:01:07,1,0,false,false,false,79%,28350MV,189MA,09:33:01
2016/05/14 22:01:37,1,0,false,false,false,79%,28350MV,189MA,09:33:31
2016/05/14 22:02:07,1,0,false,false,false,79%,28350MV,189MA,09:34:01
2016/05/14 22:02:37,1,0,false,false,false,79%,28350MV,189MA,09:34:31
2016/05/14 22:03:07,1,0,false,false,false,79%,28350MV,189MA,09:35:01
2016/05/14 22:03:37,1,0,false,false,false,79%,28350MV,189MA,09:35:31
2016/05/14 22:04:07,1,0,false,false,false,79%,28350MV,189MA,09:36:01
2016/05/14 22:04:37,1,0,false,false,false,79%,28350MV,189MA,09:36:31
2016/05/14 22:05:07,1,0,false,false,false,79%,28350MV,189MA,09:37:01
2016/05/14 22:05:37,1,0,false,false,false,79%,28350MV,189MA,09:37:31
2016/05/14 22:06:07,1,0,false,false,false,79%,28350MV,186MA,09:38:01
2016/05/14 22:06:37,1,0,false,false,false,79%,28350MV,189MA,09:38:31
2016/05/14 22:07:07,1,0,false,false,false,79%,28350MV,189MA,09:39:01
2016/05/14 22:07:37,1,0,false,false,false,79%,28350MV,189MA,09:39:31
2016/05/14 22:08:07,1,0,false,false,false,79%,28350MV,189MA,09:40:01
2016/05/14 22:08:37,1,0,false,false,false,79%,28350MV,189MA,09:40:31
2016/05/14 22:09:07,1,0,false,false,false,79%,28350MV,189MA,09:41:01
2016/05/14 22:09:37,1,0,false,false,false,79%,28350MV,189MA,09:41:31
2016/05/14 22:10:07,1,0,false,false,false,79%,28350MV,189MA,09:42:01
2016/05/14 22:10:37,1,0,false,false,false,79%,28350MV,189MA,09:42:31
2016/05/14 22:11:07,1,0,false,false,false,79%,28350MV,189MA,09:43:01
2016/05/14 22:11:37,1,0,false,false,false,79%,28350MV,189MA,09:43:31
2016/05/14 22:12:07,1,0,false,false,false,79%,28350MV,189MA,09:44:01
2016/05/14 22:12:37,1,0,false,false,false,79%,28350MV,189MA,09:44:31
2016/05/14 22:13:07,1,0,false,false,false,79%,28350MV,189MA,09:45:01
2016/05/14 22:13:37,1,0,false,false,false,79%,28350MV,189MA,09:45:31
2016/05/14 22:14:07,1,0,false,false,false,79%,28350MV,189MA,09:46:01
2016/05/14 22:14:37,1,0,false,false,false,79%,28350MV,189MA,09:46:31
2016/05/14 22:15:07,1,0,false,false,false,79%,28350MV,189MA,09:47:01
2016/05/14 22:15:37,1,0,false,false,false,79%,28350MV,189MA,09:47:31
2016/05/14 22:16:07,1,0,false,false,false,79%,28371MV,189MA,09:48:01
2016/05/14 22:16:37,1,0,false,false,false,79%,28350MV,189MA,09:48:31
2016/05/14 22:17:07,1,0,false,false,false,79%,28371MV,189MA,09:49:01
2016/05/14 22:17:37,1,0,false,false,false,79%,28371MV,189MA,09:49:31
2016/05/14 22:18:07,1,0,false,false,false,79%,28371MV,189MA,09:50:01
2016/05/14 22:18:37,1,0,false,false,false,79%,28371MV,189MA,09:50:31
2016/05/14 22:19:07,1,0,false,false,false,79%,28371MV,189MA,09:51:01
2016/05/14 22:19:37,1,0,false,false,false,79%,28371MV,189MA,09:51:31
2016/05/14 22:20:07,1,0,false,false,false,79%,28371MV,189MA,09:52:01
2016/05/14 22:20:37,1,0,false,false,false,79%,28371MV,189MA,09:52:31
2016/05/14 22:21:07,1,0,false,false,false,79%,28371MV,189MA,09:53:01
2016/05/14 22:21:37,1,0,false,false,false,79%,28371MV,189MA,09:53:31
2016/05/14 22:22:07,1,0,false,false,false,79%,28371MV,189MA,09:54:01
2016/05/14 22:22:37,1,0,false,false,false,79%,28371MV,189MA,09:54:31
2016/05/14 22:23:07,1,0,false,false,false,79%,28371MV,189MA,09:55:01
2016/05/14 22:23:37,1,0,false,false,false,79%,28371MV,189MA,09:55:31
2016/05/14 22:24:07,1,0,false,false,false,79%,28371MV,189MA,09:56:01
2016/05/14 22:24:37,1,0,false,false,false,79%,28371MV,189MA,09:56:31
2016/05/14 22:25:07,1,0,false,false,false,79%,28371MV,189MA,09:57:01
2016/05/14 22:25:37,1,0,false,false,false,79%,28371MV,189MA,09:57:31
2016/05/14 22:26:07,1,0,false,false,false,79%,28371MV,189MA,09:58:01
2016/05/14 22:26:37,1,0,false,false,false,79%,28371MV,189MA,09:58:31
2016/05/14 22:27:07,1,0,false,false,false,79%,28371MV,189MA,09:59:01
2016/05/14 22:27:37,1,0,false,false,false,79%,28371MV,189MA,09:59:31
2016/05/14 22:28:07,1,0,false,false,false,79%,28371MV,189MA,10:00:01
2016/05/14 22:28:37,1,0,false,false,false,79%,28371MV,189MA,10:00:31
2016/05/14 22:29:07,1,0,false,false,false,79%,28371MV,189MA,10:01:01
2016/05/14 22:29:37,1,0,false,false,false,79%,28371MV,189MA,10:01:31
2016/05/14 22:30:07,1,0,false,false,false,79%,28371MV,189MA,10:02:01
2016/05/14 22:30:37,1,0,false,false,false,79%,28371MV,189MA,10:02:31
2016/05/14 22:31:07,1,0,false,false,false,79%,28371MV,189MA,10:03:01
2016/05/14 22:31:37,1,0,false,false,false,79%,28371MV,189MA,10:03:31
2016/05/14 22:32:07,1,0,false,false,false,79%,28371MV,189MA,10:04:01
2016/05/14 22:32:37,1,0,false,false,false,79%,28371MV,191MA,10:04:31
2016/05/14 22:33:07,1,0,false,false,false,79%,28371MV,189MA,10:05:01
2016/05/14 22:33:37,1,0,false,false,false,79%,28371MV,189MA,10:05:31
2016/05/14 22:34:07,1,0,false,false,false,79%,28371MV,189MA,10:06:01
2016/05/14 22:34:37,1,0,false,false,false,79%,28371MV,189MA,10:06:31
2016/05/14 22:35:07,1,0,false,false,false,79%,28371MV,189MA,10:07:01
2016/05/14 22:35:37,1,0,false,false,false,79%,28371MV,189MA,10:07:31
2016/05/14 22:36:07,1,0,false,false,false,79%,28392MV,189MA,10:08:01
2016/05/14 22:36:37,1,0,false,false,false,79%,28392MV,189MA,10:08:31
2016/05/14 22:37:07,1,0,false,false,false,79%,28371MV,189MA,10:09:01
2016/05/14 22:37:37,1,0,false,false,false,79%,28371MV,189MA,10:09:31
2016/05/14 22:38:07,1,0,false,false,false,79%,28392MV,189MA,10:10:01
2016/05/14 22:38:37,1,0,false,false,false,79%,28371MV,189MA,10:10:31
2016/05/14 22:39:07,1,0,false,false,false,79%,28392MV,189MA,10:11:01
2016/05/14 22:39:37,1,0,false,false,false,79%,28392MV,189MA,10:11:31
2016/05/14 22:40:07,1,0,false,false,false,79%,28392MV,189MA,10:12:01
2016/05/14 22:40:37,1,0,false,false,false,79%,28392MV,189MA,10:12:31
2016/05/14 22:41:07,1,0,false,false,false,79%,28392MV,189MA,10:13:01
2016/05/14 22:41:37,1,0,false,false,false,79%,28392MV,189MA,10:13:31
2016/05/14 22:42:07,1,0,false,false,false,79%,28392MV,189MA,10:14:01
2016/05/14 22:42:37,1,0,false,false,false,79%,28392MV,189MA,10:14:31
2016/05/14 22:43:07,1,0,false,false,false,79%,28392MV,191MA,10:15:01
2016/05/14 22:43:37,1,0,false,false,false,79%,28392MV,189MA,10:15:31
2016/05/14 22:44:07,1,0,false,false,false,79%,28392MV,189MA,10:16:01
2016/05/14 22:44:37,1,0,false,false,false,79%,28392MV,191MA,10:16:31
2016/05/14 22:45:07,1,0,false,false,false,79%,28392MV,189MA,10:17:01
2016/05/14 22:45:37,1,0,false,false,false,79%,28392MV,189MA,10:17:31
2016/05/14 22:46:07,1,0,false,false,false,79%,28392MV,189MA,10:18:01
2016/05/14 22:46:37,1,0,false,false,false,79%,28392MV,189MA,10:18:31
2016/05/14 22:47:07,1,0,false,false,false,79%,28392MV,189MA,10:19:01
2016/05/14 22:47:37,1,0,false,false,false,79%,28392MV,189MA,10:19:31
2016/05/14 22:48:07,1,0,false,false,false,79%,28392MV,189MA,10:20:01
2016/05/14 22:48:37,1,0,false,false,false,79%,28392MV,189MA,10:20:31
2016/05/14 22:49:07,1,0,false,false,false,79%,28392MV,189MA,10:21:01
2016/05/14 22:49:37,1,0,false,false,false,79%,28392MV,189MA,10:21:31
2016/05/14 22:50:07,1,0,false,false,false,79%,28392MV,189MA,10:22:01
2016/05/14 22:50:37,1,0,false,false,false,79%,28392MV,189MA,10:22:31
2016/05/14 22:51:07,1,0,false,false,false,79%,28392MV,191MA,10:23:01
2016/05/14 22:51:37,1,0,false,false,false,79%,28392MV,189MA,10:23:31
2016/05/14 22:52:07,1,0,false,false,false,79%,28392MV,189MA,10:24:01
2016/05/14 22:52:37,1,0,false,false,false,79%,28392MV,189MA,10:24:31
2016/05/14 22:53:07,1,0,false,false,false,79%,28392MV,189MA,10:25:01
2016/05/14 22:53:37,1,0,false,false,false,79%,28392MV,189MA,10:25:31
2016/05/14 22:54:07,1,0,false,false,false,79%,28392MV,189MA,10:26:01
2016/05/14 22:54:37,1,0,false,false,false,79%,28392MV,189MA,10:26:31
2016/05/14 22:55:07,1,0,false,false,false,79%,28392MV,189MA,10:27:01
2016/05/14 22:55:37,1,0,false,false,false,79%,28392MV,189MA,10:27:31
2016/05/14 22:56:07,1,0,false,false,false,79%,28392MV,189MA,10:28:01
2016/05/14 22:56:37,1,0,false,false,false,79%,28392MV,189MA,10:28:31
2016/05/14 22:57:07,1,0,false,false,false,79%,28392MV,189MA,10:29:01
2016/05/14 22:57:37,1,0,false,false,false,79%,28392MV,189MA,10:29:31
2016/05/14 22:58:07,1,0,false,false,false,79%,28392MV,191MA,10:30:01
2016/05/14 22:58:37,1,0,false,false,false,79%,28392MV,189MA,10:30:31
2016/05/14 22:59:07,1,0,false,false,false,79%,28392MV,189MA,10:31:01
2016/05/14 22:59:37,1,0,false,false,false,79%,28392MV,191MA,10:31:31
2016/05/14 23:00:07,1,0,false,false,false,79%,28392MV,189MA,10:32:01
2016/05/14 23:00:37,1,0,false,false,false,79%,28392MV,189MA,10:32:31
2016/05/14 23:01:07,1,0,false,false,false,79%,28392MV,189MA,10:33:01
2016/05/14 23:01:37,1,0,false,false,false,79%,28392MV,189MA,10:33:31
2016/05/14 23:02:07,1,0,false,false,false,79%,28392MV,189MA,10:34:01
2016/05/14 23:02:37,1,0,false,false,false,79%,28392MV,189MA,10:34:31
2016/05/14 23:03:07,1,0,false,false,false,79%,28392MV,189MA,10:35:01
2016/05/14 23:03:37,1,0,false,false,false,79%,28392MV,189MA,10:35:31
2016/05/14 23:04:07,1,0,false,false,false,79%,28392MV,191MA,10:36:01
2016/05/14 23:04:37,1,0,false,false,false,79%,28392MV,189MA,10:36:31
2016/05/14 23:05:07,1,0,false,false,false,79%,28392MV,189MA,10:37:01
2016/05/14 23:05:37,1,0,false,false,false,79%,28392MV,189MA,10:37:31
2016/05/14 23:06:07,1,0,false,false,false,79%,28392MV,189MA,10:38:01
2016/05/14 23:06:37,1,0,false,false,false,79%,28392MV,189MA,10:38:31
2016/05/14 23:07:07,1,0,false,false,false,79%,28392MV,189MA,10:39:01
2016/05/14 23:07:37,1,0,false,false,false,79%,28392MV,189MA,10:39:31
2016/05/14 23:08:07,1,0,false,false,false,79%,28392MV,189MA,10:40:01
2016/05/14 23:08:37,1,0,false,false,false,79%,28413MV,189MA,10:40:31
2016/05/14 23:09:07,1,0,false,false,false,79%,28392MV,189MA,10:41:01
2016/05/14 23:09:37,1,0,false,false,false,79%,28413MV,189MA,10:41:31
2016/05/14 23:10:07,1,0,false,false,false,79%,28392MV,189MA,10:42:01
2016/05/14 23:10:37,1,0,false,false,false,79%,28392MV,189MA,10:42:31
2016/05/14 23:11:07,1,0,false,false,false,79%,28392MV,189MA,10:43:01
2016/05/14 23:11:38,1,0,false,false,false,79%,28392MV,189MA,10:43:31
2016/05/14 23:12:08,1,0,false,false,false,79%,28392MV,189MA,10:44:01
2016/05/14 23:12:38,1,0,false,false,false,79%,28392MV,189MA,10:44:31
2016/05/14 23:13:08,1,0,false,false,false,79%,28392MV,189MA,10:45:01
2016/05/14 23:13:38,1,0,false,false,false,79%,28392MV,189MA,10:45:31
2016/05/14 23:14:08,1,0,false,false,false,79%,28413MV,189MA,10:46:01
2016/05/14 23:14:38,1,0,false,false,false,79%,28413MV,189MA,10:46:31
2016/05/14 23:15:08,1,0,false,false,false,79%,28413MV,189MA,10:47:01
2016/05/14 23:15:38,1,0,false,false,false,79%,28413MV,189MA,10:47:31
2016/05/14 23:16:08,1,0,false,false,false,79%,28392MV,189MA,10:48:01
2016/05/14 23:16:38,1,0,false,false,false,79%,28413MV,189MA,10:48:31
2016/05/14 23:17:08,1,0,false,false,false,79%,28413MV,189MA,10:49:01
2016/05/14 23:17:38,1,0,false,false,false,79%,28413MV,189MA,10:49:31
2016/05/14 23:18:08,1,0,false,false,false,79%,28413MV,189MA,10:50:01
2016/05/14 23:18:38,1,0,false,false,false,79%,28413MV,189MA,10:50:31
2016/05/14 23:19:08,1,0,false,false,false,79%,28413MV,189MA,10:51:01
2016/05/14 23:19:38,1,0,false,false,false,79%,28413MV,189MA,10:51:31
2016/05/14 23:20:08,1,0,false,false,false,79%,28413MV,189MA,10:52:01
2016/05/14 23:20:38,1,0,false,false,false,79%,28413MV,189MA,10:52:31
2016/05/14 23:21:08,1,0,false,false,false,79%,28413MV,189MA,10:53:01
2016/05/14 23:21:38,1,0,false,false,false,80%,28434MV,189MA,10:53:31
2016/05/14 23:22:08,1,0,false,false,false,86%,28434MV,189MA,10:54:01
2016/05/14 23:22:38,1,0,false,false,false,84%,28413MV,189MA,10:54:31
2016/05/14 23:23:08,1,0,false,false,false,79%,28413MV,189MA,10:55:01
2016/05/14 23:23:38,1,0,false,false,false,79%,28413MV,189MA,10:55:31
2016/05/14 23:24:08,1,0,false,false,false,79%,28413MV,189MA,10:56:01
2016/05/14 23:24:38,1,0,false,false,false,79%,28413MV,189MA,10:56:31
2016/05/14 23:25:08,1,0,false,false,false,79%,28413MV,189MA,10:57:01
2016/05/14 23:25:38,1,0,false,false,false,79%,28413MV,189MA,10:57:31
2016/05/14 23:26:08,1,0,false,false,false,79%,28413MV,189MA,10:58:01
2016/05/14 23:26:38,1,0,false,false,false,79%,28413MV,189MA,10:58:31
2016/05/14 23:27:08,1,0,false,false,false,81%,28434MV,189MA,10:59:01
2016/05/14 23:27:38,1,0,false,false,false,86%,28434MV,189MA,10:59:31
2016/05/14 23:28:08,1,0,false,false,false,83%,28413MV,189MA,11:00:01
2016/05/14 23:28:38,1,0,false,false,false,79%,28413MV,189MA,11:00:31
2016/05/14 23:29:08,1,0,false,false,false,86%,28434MV,189MA,11:01:01
2016/05/14 23:29:38,1,0,false,false,false,86%,28434MV,189MA,11:01:31
2016/05/14 23:30:08,1,0,false,false,false,86%,28434MV,189MA,11:02:01
2016/05/14 23:30:38,1,0,false,false,false,86%,28434MV,189MA,11:02:31
2016/05/14 23:31:08,1,0,false,false,false,86%,28434MV,189MA,11:03:01
2016/05/14 23:31:38,1,0,false,false,false,86%,28434MV,189MA,11:03:31
2016/05/14 23:32:08,1,0,false,false,false,86%,28434MV,189MA,11:04:01
2016/05/14 23:32:38,1,0,false,false,false,86%,28434MV,189MA,11:04:31
2016/05/14 23:33:08,1,0,false,false,false,86%,28434MV,189MA,11:05:01
2016/05/14 23:33:38,1,0,false,false,false,86%,28434MV,189MA,11:05:31
2016/05/14 23:34:08,1,0,false,false,false,86%,28434MV,189MA,11:06:01
2016/05/14 23:34:38,1,0,false,false,false,86%,28434MV,189MA,11:06:31
2016/05/14 23:35:08,1,0,false,false,false,86%,28434MV,189MA,11:07:01
2016/05/14 23:35:38,1,0,false,false,false,86%,28434MV,189MA,11:07:31
2016/05/14 23:36:08,1,0,false,false,false,86%,28434MV,189MA,11:08:01
2016/05/14 23:36:38,1,0,false,false,false,86%,28434MV,189MA,11:08:31
2016/05/14 23:37:08,1,0,false,false,false,86%,28434MV,189MA,11:09:01
2016/05/14 23:37:38,1,0,false,false,false,86%,28434MV,189MA,11:09:31
2016/05/14 23:38:08,1,0,false,false,false,86%,28434MV,189MA,11:10:01
2016/05/14 23:38:38,1,0,false,false,false,86%,28434MV,189MA,11:10:31
2016/05/14 23:39:08,1,0,false,false,false,86%,28434MV,189MA,11:11:01
2016/05/14 23:39:38,1,0,false,false,false,86%,28434MV,189MA,11:11:31
2016/05/14 23:40:08,1,0,false,false,false,86%,28434MV,189MA,11:12:01
2016/05/14 23:40:38,1,0,false,false,false,86%,28434MV,189MA,11:12:31
2016/05/14 23:41:08,1,0,false,false,false,86%,28434MV,189MA,11:13:01
2016/05/14 23:41:38,1,0,false,false,false,86%,28434MV,189MA,11:13:31
2016/05/14 23:42:08,1,0,false,false,false,86%,28434MV,189MA,11:14:01
2016/05/14 23:42:38,1,0,false,false,false,86%,28434MV,191MA,11:14:31
2016/05/14 23:43:08,1,0,false,false,false,86%,28434MV,186MA,11:15:01
2016/05/14 23:43:38,1,0,false,false,false,86%,28434MV,189MA,11:15:31
2016/05/14 23:44:08,1,0,false,false,false,86%,28434MV,189MA,11:16:01
2016/05/14 23:44:38,1,0,false,false,false,86%,28434MV,189MA,11:16:31
2016/05/14 23:45:08,1,0,false,false,false,86%,28434MV,189MA,11:17:01
2016/05/14 23:45:38,1,0,false,false,false,86%,28434MV,189MA,11:17:31
2016/05/14 23:46:08,1,0,false,false,false,86%,28434MV,189MA,11:18:01
2016/05/14 23:46:38,1,0,false,false,false,86%,28434MV,189MA,11:18:31
2016/05/14 23:47:08,1,0,false,false,false,86%,28434MV,189MA,11:19:01
2016/05/14 23:47:38,1,0,false,false,false,86%,28434MV,189MA,11:19:31
2016/05/14 23:48:08,1,0,false,false,false,86%,28434MV,189MA,11:20:01
2016/05/14 23:48:38,1,0,false,false,false,86%,28434MV,189MA,11:20:31
2016/05/14 23:49:08,1,0,false,false,false,86%,28434MV,189MA,11:21:01
2016/05/14 23:49:38,1,0,false,false,false,86%,28434MV,189MA,11:21:31
2016/05/14 23:50:08,1,0,false,false,false,86%,28455MV,189MA,11:22:01
2016/05/14 23:50:38,1,0,false,false,false,86%,28434MV,189MA,11:22:31
2016/05/14 23:51:08,1,0,false,false,false,86%,28434MV,189MA,11:23:01
2016/05/14 23:51:38,1,0,false,false,false,86%,28434MV,189MA,11:23:31
2016/05/14 23:52:08,1,0,false,false,false,86%,28455MV,189MA,11:24:01
2016/05/14 23:52:38,1,0,false,false,false,86%,28434MV,189MA,11:24:31
2016/05/14 23:53:08,1,0,false,false,false,86%,28434MV,189MA,11:25:01
2016/05/14 23:53:38,1,0,false,false,false,86%,28434MV,189MA,11:25:31
2016/05/14 23:54:08,1,0,false,false,false,86%,28434MV,189MA,11:26:01
2016/05/14 23:54:38,1,0,false,false,false,86%,28434MV,189MA,11:26:31
2016/05/14 23:55:08,1,0,false,false,false,86%,28455MV,189MA,11:27:01
2016/05/14 23:55:38,1,0,false,false,false,86%,28455MV,189MA,11:27:31
2016/05/14 23:56:08,1,0,false,false,false,86%,28434MV,189MA,11:28:01
2016/05/14 23:56:38,1,0,false,false,false,86%,28455MV,189MA,11:28:31
2016/05/14 23:57:08,1,0,false,false,false,86%,28434MV,189MA,11:29:01
2016/05/14 23:57:38,1,0,false,false,false,86%,28455MV,189MA,11:29:31
2016/05/14 23:58:08,1,0,false,false,false,86%,28455MV,189MA,11:30:01
2016/05/14 23:58:38,1,0,false,false,false,86%,28455MV,189MA,11:30:31
2016/05/14 23:59:08,1,0,false,false,false,86%,28455MV,189MA,11:31:01
2016/05/14 23:59:38,1,0,false,false,false,86%,28434MV,189MA,11:31:31
2016/05/15 00:00:08,1,0,false,false,false,86%,28455MV,189MA,11:32:01
2016/05/15 00:00:38,1,0,false,false,false,86%,28455MV,189MA,11:32:31
2016/05/15 00:01:08,1,0,false,false,false,86%,28455MV,189MA,11:33:01
2016/05/15 00:01:38,1,0,false,false,false,86%,28455MV,189MA,11:33:31
2016/05/15 00:02:08,1,0,false,false,false,86%,28455MV,189MA,11:34:01
2016/05/15 00:02:38,1,0,false,false,false,86%,28455MV,186MA,11:34:31
2016/05/15 00:03:08,1,0,false,false,false,86%,28455MV,189MA,11:35:01
2016/05/15 00:03:38,1,0,false,false,false,86%,28455MV,189MA,11:35:31
2016/05/15 00:04:08,1,0,false,false,false,86%,28455MV,189MA,11:36:01
2016/05/15 00:04:38,1,0,false,false,false,86%,28455MV,189MA,11:36:31
2016/05/15 00:05:08,1,0,false,false,false,86%,28455MV,189MA,11:37:01
2016/05/15 00:05:38,1,0,false,false,false,86%,28455MV,189MA,11:37:31
2016/05/15 00:06:08,1,0,false,false,false,86%,28455MV,189MA,11:38:01
2016/05/15 00:06:38,1,0,false,false,false,86%,28455MV,189MA,11:38:31
2016/05/15 00:07:08,1,0,false,false,false,86%,28455MV,189MA,11:39:01
2016/05/15 00:07:38,1,0,false,false,false,86%,28455MV,189MA,11:39:31
2016/05/15 00:08:08,1,0,false,false,false,86%,28455MV,189MA,11:40:01
2016/05/15 00:08:38,1,0,false,false,false,86%,28455MV,189MA,11:40:31
2016/05/15 00:09:08,1,0,false,false,false,86%,28434MV,189MA,11:41:01
2016/05/15 00:09:38,1,0,false,false,false,86%,28455MV,189MA,11:41:31
2016/05/15 00:10:08,1,0,false,false,false,86%,28455MV,189MA,11:42:01
2016/05/15 00:10:38,1,0,false,false,false,86%,28455MV,189MA,11:42:31
2016/05/15 00:11:08,1,0,false,false,false,86%,28455MV,189MA,11:43:01
2016/05/15 00:11:38,1,0,false,false,false,86%,28455MV,189MA,11:43:31
2016/05/15 00:12:08,1,0,false,false,false,86%,28455MV,189MA,11:44:01
2016/05/15 00:12:38,1,0,false,false,false,86%,28455MV,189MA,11:44:31
2016/05/15 00:13:08,1,0,false,false,false,86%,28455MV,191MA,11:45:01
2016/05/15 00:13:38,1,0,false,false,false,86%,28455MV,189MA,11:45:31
2016/05/15 00:14:08,1,0,false,false,false,86%,28455MV,189MA,11:46:01
2016/05/15 00:14:38,1,0,false,false,false,86%,28455MV,189MA,11:46:31
2016/05/15 00:15:08,1,0,false,false,false,86%,28455MV,189MA,11:47:01
2016/05/15 00:15:38,1,0,false,false,false,86%,28455MV,189MA,11:47:31
2016/05/15 00:16:08,1,0,false,false,false,86%,28455MV,189MA,11:48:01
2016/05/15 00:16:38,1,0,false,false,false,86%,28455MV,189MA,11:48:31
2016/05/15 00:17:08,1,0,false,false,false,86%,28455MV,186MA,11:49:01
2016/05/15 00:17:38,1,0,false,false,false,86%,28455MV,189MA,11:49:31
2016/05/15 00:18:08,1,0,false,false,false,86%,28455MV,189MA,11:50:01
2016/05/15 00:18:38,1,0,false,false,false,86%,28455MV,189MA,11:50:31
2016/05/15 00:19:08,1,0,false,false,false,86%,28455MV,189MA,11:51:01
2016/05/15 00:19:38,1,0,false,false,false,86%,28455MV,189MA,11:51:31
2016/05/15 00:20:08,1,0,false,false,false,86%,28455MV,189MA,11:52:01
2016/05/15 00:20:38,1,0,false,false,false,86%,28455MV,189MA,11:52:31
2016/05/15 00:21:08,1,0,false,false,false,86%,28455MV,189MA,11:53:01
2016/05/15 00:21:38,1,0,false,false,false,86%,28455MV,186MA,11:53:31
2016/05/15 00:22:08,1,0,false,false,false,86%,28455MV,189MA,11:54:01
2016/05/15 00:22:38,1,0,false,false,false,86%,28455MV,189MA,11:54:31
2016/05/15 00:23:08,1,0,false,false,false,86%,28455MV,189MA,11:55:01
2016/05/15 00:23:38,1,0,false,false,false,86%,28455MV,189MA,11:55:31
2016/05/15 00:24:08,1,0,false,false,false,86%,28455MV,189MA,11:56:01
